date_日期,price_价格,title_名称,lowerPrice_最低价格,lowerDate_最低价格日期,itemurl_商品链接
2024-01-23,8999.0,华硕天选5 Pro 锐龙版 16英寸电竞游戏本 笔记本电脑(R9-7940HX 16G 1T RTX4070 2.5K 165Hz 高色域)青,8799.0,2024-06-18,http://item.jd.com/100089737202.html
2024-01-23,8999.0,华硕天选5 Pro 锐龙版 16英寸电竞游戏本 笔记本电脑(R9-7940HX 16G 1T RTX4070 2.5K 165Hz 高色域)青,8799.0,2024-06-18,http://item.jd.com/100089737202.html
2024-01-24,8999.0,华硕天选5 Pro 锐龙版 16英寸电竞游戏本 笔记本电脑(R9-7940HX 16G 1T RTX4070 2.5K 165Hz 高色域)青,8799.0,2024-06-18,http://item.jd.com/100089737202.html
2024-01-24,8999.0,华硕天选5 Pro 锐龙版 16英寸电竞游戏本 笔记本电脑(R9-7940HX 16G 1T RTX4070 2.5K 165Hz 高色域)青,8799.0,2024-06-18,http://item.jd.com/100089737202.html
2024-01-25,8999.0,华硕天选5 Pro 锐龙版 16英寸电竞游戏本 笔记本电脑(R9-7940HX 16G 1T RTX4070 2.5K 165Hz 高色域)青,8799.0,2024-06-18,http://item.jd.com/100089737202.html
2024-01-25,8999.0,华硕天选5 Pro 锐龙版 16英寸电竞游戏本 笔记本电脑(R9-7940HX 16G 1T RTX4070 2.5K 165Hz 高色域)青,8799.0,2024-06-18,http://item.jd.com/100089737202.html
2024-01-26,8999.0,华硕天选5 Pro 锐龙版 16英寸电竞游戏本 笔记本电脑(R9-7940HX 16G 1T RTX4070 2.5K 165Hz 高色域)青,8799.0,2024-06-18,http://item.jd.com/100089737202.html
2024-01-26,8999.0,华硕天选5 Pro 锐龙版 16英寸电竞游戏本 笔记本电脑(R9-7940HX 16G 1T RTX4070 2.5K 165Hz 高色域)青,8799.0,2024-06-18,http://item.jd.com/100089737202.html
2024-01-27,8999.0,华硕天选5 Pro 锐龙版 16英寸电竞游戏本 笔记本电脑(R9-7940HX 16G 1T RTX4070 2.5K 165Hz 高色域)青,8799.0,2024-06-18,http://item.jd.com/100089737202.html
2024-01-27,8999.0,华硕天选5 Pro 锐龙版 16英寸电竞游戏本 笔记本电脑(R9-7940HX 16G 1T RTX4070 2.5K 165Hz 高色域)青,8799.0,2024-06-18,http://item.jd.com/100089737202.html
2024-01-28,8999.0,华硕天选5 Pro 锐龙版 16英寸电竞游戏本 笔记本电脑(R9-7940HX 16G 1T RTX4070 2.5K 165Hz 高色域)青,8799.0,2024-06-18,http://item.jd.com/100089737202.html
2024-01-28,8999.0,华硕天选5 Pro 锐龙版 16英寸电竞游戏本 笔记本电脑(R9-7940HX 16G 1T RTX4070 2.5K 165Hz 高色域)青,8799.0,2024-06-18,http://item.jd.com/100089737202.html
2024-01-29,8999.0,华硕天选5 Pro 锐龙版 16英寸电竞游戏本 笔记本电脑(R9-7940HX 16G 1T RTX4070 2.5K 165Hz 高色域)青,8799.0,2024-06-18,http://item.jd.com/100089737202.html
2024-01-29,8999.0,华硕天选5 Pro 锐龙版 16英寸电竞游戏本 笔记本电脑(R9-7940HX 16G 1T RTX4070 2.5K 165Hz 高色域)青,8799.0,2024-06-18,http://item.jd.com/100089737202.html
2024-01-30,9499.0,华硕天选5 Pro 锐龙版 16英寸电竞游戏本 笔记本电脑(R9-7940HX 16G 1T RTX4070 2.5K 165Hz 高色域)青,8799.0,2024-06-18,http://item.jd.com/100089737202.html
2024-01-30,9499.0,华硕天选5 Pro 锐龙版 16英寸电竞游戏本 笔记本电脑(R9-7940HX 16G 1T RTX4070 2.5K 165Hz 高色域)青,8799.0,2024-06-18,http://item.jd.com/100089737202.html
2024-01-31,9499.0,华硕天选5 Pro 锐龙版 16英寸电竞游戏本 笔记本电脑(R9-7940HX 16G 1T RTX4070 2.5K 165Hz 高色域)青,8799.0,2024-06-18,http://item.jd.com/100089737202.html
2024-01-31,9499.0,华硕天选5 Pro 锐龙版 16英寸电竞游戏本 笔记本电脑(R9-7940HX 16G 1T RTX4070 2.5K 165Hz 高色域)青,8799.0,2024-06-18,http://item.jd.com/100089737202.html
2024-02-01,9499.0,华硕天选5 Pro 锐龙版 16英寸电竞游戏本 笔记本电脑(R9-7940HX 16G 1T RTX4070 2.5K 165Hz 高色域)青,8799.0,2024-06-18,http://item.jd.com/100089737202.html
2024-02-01,9499.0,华硕天选5 Pro 锐龙版 16英寸电竞游戏本 笔记本电脑(R9-7940HX 16G 1T RTX4070 2.5K 165Hz 高色域)青,8799.0,2024-06-18,http://item.jd.com/100089737202.html
2024-02-02,9499.0,华硕天选5 Pro 锐龙版 16英寸电竞游戏本 笔记本电脑(R9-7940HX 16G 1T RTX4070 2.5K 165Hz 高色域)青,8799.0,2024-06-18,http://item.jd.com/100089737202.html
2024-02-02,9499.0,华硕天选5 Pro 锐龙版 16英寸电竞游戏本 笔记本电脑(R9-7940HX 16G 1T RTX4070 2.5K 165Hz 高色域)青,8799.0,2024-06-18,http://item.jd.com/100089737202.html
2024-02-03,9499.0,华硕天选5 Pro 锐龙版 16英寸电竞游戏本 笔记本电脑(R9-7940HX 16G 1T RTX4070 2.5K 165Hz 高色域)青,8799.0,2024-06-18,http://item.jd.com/100089737202.html
2024-02-03,9499.0,华硕天选5 Pro 锐龙版 16英寸电竞游戏本 笔记本电脑(R9-7940HX 16G 1T RTX4070 2.5K 165Hz 高色域)青,8799.0,2024-06-18,http://item.jd.com/100089737202.html
2024-02-04,9499.0,华硕天选5 Pro 锐龙版 16英寸电竞游戏本 笔记本电脑(R9-7940HX 16G 1T RTX4070 2.5K 165Hz 高色域)青,8799.0,2024-06-18,http://item.jd.com/100089737202.html
2024-02-04,9499.0,华硕天选5 Pro 锐龙版 16英寸电竞游戏本 笔记本电脑(R9-7940HX 16G 1T RTX4070 2.5K 165Hz 高色域)青,8799.0,2024-06-18,http://item.jd.com/100089737202.html
2024-02-05,9499.0,华硕天选5 Pro 锐龙版 16英寸电竞游戏本 笔记本电脑(R9-7940HX 16G 1T RTX4070 2.5K 165Hz 高色域)青,8799.0,2024-06-18,http://item.jd.com/100089737202.html
2024-02-05,9499.0,华硕天选5 Pro 锐龙版 16英寸电竞游戏本 笔记本电脑(R9-7940HX 16G 1T RTX4070 2.5K 165Hz 高色域)青,8799.0,2024-06-18,http://item.jd.com/100089737202.html
2024-02-06,9499.0,华硕天选5 Pro 锐龙版 16英寸电竞游戏本 笔记本电脑(R9-7940HX 16G 1T RTX4070 2.5K 165Hz 高色域)青,8799.0,2024-06-18,http://item.jd.com/100089737202.html
2024-02-06,9499.0,华硕天选5 Pro 锐龙版 16英寸电竞游戏本 笔记本电脑(R9-7940HX 16G 1T RTX4070 2.5K 165Hz 高色域)青,8799.0,2024-06-18,http://item.jd.com/100089737202.html
2024-02-07,9499.0,华硕天选5 Pro 锐龙版 16英寸电竞游戏本 笔记本电脑(R9-7940HX 16G 1T RTX4070 2.5K 165Hz 高色域)青,8799.0,2024-06-18,http://item.jd.com/100089737202.html
2024-02-07,9499.0,华硕天选5 Pro 锐龙版 16英寸电竞游戏本 笔记本电脑(R9-7940HX 16G 1T RTX4070 2.5K 165Hz 高色域)青,8799.0,2024-06-18,http://item.jd.com/100089737202.html
2024-02-08,9499.0,华硕天选5 Pro 锐龙版 16英寸电竞游戏本 笔记本电脑(R9-7940HX 16G 1T RTX4070 2.5K 165Hz 高色域)青,8799.0,2024-06-18,http://item.jd.com/100089737202.html
2024-02-08,9499.0,华硕天选5 Pro 锐龙版 16英寸电竞游戏本 笔记本电脑(R9-7940HX 16G 1T RTX4070 2.5K 165Hz 高色域)青,8799.0,2024-06-18,http://item.jd.com/100089737202.html
2024-02-09,9499.0,华硕天选5 Pro 锐龙版 16英寸电竞游戏本 笔记本电脑(R9-7940HX 16G 1T RTX4070 2.5K 165Hz 高色域)青,8799.0,2024-06-18,http://item.jd.com/100089737202.html
2024-02-09,9499.0,华硕天选5 Pro 锐龙版 16英寸电竞游戏本 笔记本电脑(R9-7940HX 16G 1T RTX4070 2.5K 165Hz 高色域)青,8799.0,2024-06-18,http://item.jd.com/100089737202.html
2024-02-10,9499.0,华硕天选5 Pro 锐龙版 16英寸电竞游戏本 笔记本电脑(R9-7940HX 16G 1T RTX4070 2.5K 165Hz 高色域)青,8799.0,2024-06-18,http://item.jd.com/100089737202.html
2024-02-10,9499.0,华硕天选5 Pro 锐龙版 16英寸电竞游戏本 笔记本电脑(R9-7940HX 16G 1T RTX4070 2.5K 165Hz 高色域)青,8799.0,2024-06-18,http://item.jd.com/100089737202.html
2024-02-11,9499.0,华硕天选5 Pro 锐龙版 16英寸电竞游戏本 笔记本电脑(R9-7940HX 16G 1T RTX4070 2.5K 165Hz 高色域)青,8799.0,2024-06-18,http://item.jd.com/100089737202.html
2024-02-11,9499.0,华硕天选5 Pro 锐龙版 16英寸电竞游戏本 笔记本电脑(R9-7940HX 16G 1T RTX4070 2.5K 165Hz 高色域)青,8799.0,2024-06-18,http://item.jd.com/100089737202.html
2024-02-12,9499.0,华硕天选5 Pro 锐龙版 16英寸电竞游戏本 笔记本电脑(R9-7940HX 16G 1T RTX4070 2.5K 165Hz 高色域)青,8799.0,2024-06-18,http://item.jd.com/100089737202.html
2024-02-12,9499.0,华硕天选5 Pro 锐龙版 16英寸电竞游戏本 笔记本电脑(R9-7940HX 16G 1T RTX4070 2.5K 165Hz 高色域)青,8799.0,2024-06-18,http://item.jd.com/100089737202.html
2024-02-13,9499.0,华硕天选5 Pro 锐龙版 16英寸电竞游戏本 笔记本电脑(R9-7940HX 16G 1T RTX4070 2.5K 165Hz 高色域)青,8799.0,2024-06-18,http://item.jd.com/100089737202.html
2024-02-13,9499.0,华硕天选5 Pro 锐龙版 16英寸电竞游戏本 笔记本电脑(R9-7940HX 16G 1T RTX4070 2.5K 165Hz 高色域)青,8799.0,2024-06-18,http://item.jd.com/100089737202.html
2024-02-14,9499.0,华硕天选5 Pro 锐龙版 16英寸电竞游戏本 笔记本电脑(R9-7940HX 16G 1T RTX4070 2.5K 165Hz 高色域)青,8799.0,2024-06-18,http://item.jd.com/100089737202.html
2024-02-14,9499.0,华硕天选5 Pro 锐龙版 16英寸电竞游戏本 笔记本电脑(R9-7940HX 16G 1T RTX4070 2.5K 165Hz 高色域)青,8799.0,2024-06-18,http://item.jd.com/100089737202.html
2024-02-15,9499.0,华硕天选5 Pro 锐龙版 16英寸电竞游戏本 笔记本电脑(R9-7940HX 16G 1T RTX4070 2.5K 165Hz 高色域)青,8799.0,2024-06-18,http://item.jd.com/100089737202.html
2024-02-15,9499.0,华硕天选5 Pro 锐龙版 16英寸电竞游戏本 笔记本电脑(R9-7940HX 16G 1T RTX4070 2.5K 165Hz 高色域)青,8799.0,2024-06-18,http://item.jd.com/100089737202.html
2024-02-16,9499.0,华硕天选5 Pro 锐龙版 16英寸电竞游戏本 笔记本电脑(R9-7940HX 16G 1T RTX4070 2.5K 165Hz 高色域)青,8799.0,2024-06-18,http://item.jd.com/100089737202.html
2024-02-16,9499.0,华硕天选5 Pro 锐龙版 16英寸电竞游戏本 笔记本电脑(R9-7940HX 16G 1T RTX4070 2.5K 165Hz 高色域)青,8799.0,2024-06-18,http://item.jd.com/100089737202.html
2024-02-17,9499.0,华硕天选5 Pro 锐龙版 16英寸电竞游戏本 笔记本电脑(R9-7940HX 16G 1T RTX4070 2.5K 165Hz 高色域)青,8799.0,2024-06-18,http://item.jd.com/100089737202.html
2024-02-17,9499.0,华硕天选5 Pro 锐龙版 16英寸电竞游戏本 笔记本电脑(R9-7940HX 16G 1T RTX4070 2.5K 165Hz 高色域)青,8799.0,2024-06-18,http://item.jd.com/100089737202.html
2024-02-18,9499.0,华硕天选5 Pro 锐龙版 16英寸电竞游戏本 笔记本电脑(R9-7940HX 16G 1T RTX4070 2.5K 165Hz 高色域)青,8799.0,2024-06-18,http://item.jd.com/100089737202.html
2024-02-18,9499.0,华硕天选5 Pro 锐龙版 16英寸电竞游戏本 笔记本电脑(R9-7940HX 16G 1T RTX4070 2.5K 165Hz 高色域)青,8799.0,2024-06-18,http://item.jd.com/100089737202.html
2024-02-19,9499.0,华硕天选5 Pro 锐龙版 16英寸电竞游戏本 笔记本电脑(R9-7940HX 16G 1T RTX4070 2.5K 165Hz 高色域)青,8799.0,2024-06-18,http://item.jd.com/100089737202.html
2024-02-19,9499.0,华硕天选5 Pro 锐龙版 16英寸电竞游戏本 笔记本电脑(R9-7940HX 16G 1T RTX4070 2.5K 165Hz 高色域)青,8799.0,2024-06-18,http://item.jd.com/100089737202.html
2024-02-20,9499.0,华硕天选5 Pro 锐龙版 16英寸电竞游戏本 笔记本电脑(R9-7940HX 16G 1T RTX4070 2.5K 165Hz 高色域)青,8799.0,2024-06-18,http://item.jd.com/100089737202.html
2024-02-20,9499.0,华硕天选5 Pro 锐龙版 16英寸电竞游戏本 笔记本电脑(R9-7940HX 16G 1T RTX4070 2.5K 165Hz 高色域)青,8799.0,2024-06-18,http://item.jd.com/100089737202.html
2024-02-21,9499.0,华硕天选5 Pro 锐龙版 16英寸电竞游戏本 笔记本电脑(R9-7940HX 16G 1T RTX4070 2.5K 165Hz 高色域)青,8799.0,2024-06-18,http://item.jd.com/100089737202.html
2024-02-21,9499.0,华硕天选5 Pro 锐龙版 16英寸电竞游戏本 笔记本电脑(R9-7940HX 16G 1T RTX4070 2.5K 165Hz 高色域)青,8799.0,2024-06-18,http://item.jd.com/100089737202.html
2024-02-22,9499.0,华硕天选5 Pro 锐龙版 16英寸电竞游戏本 笔记本电脑(R9-7940HX 16G 1T RTX4070 2.5K 165Hz 高色域)青,8799.0,2024-06-18,http://item.jd.com/100089737202.html
2024-02-23,9499.0,华硕天选5 Pro 锐龙版 16英寸电竞游戏本 笔记本电脑(R9-7940HX 16G 1T RTX4070 2.5K 165Hz 高色域)青,8799.0,2024-06-18,http://item.jd.com/100089737202.html
2024-02-24,8999.0,华硕天选5 Pro 锐龙版 16英寸电竞游戏本 笔记本电脑(R9-7940HX 16G 1T RTX4070 2.5K 165Hz 高色域)青,8799.0,2024-06-18,http://item.jd.com/100089737202.html
2024-02-24,8999.0,华硕天选5 Pro 锐龙版 16英寸电竞游戏本 笔记本电脑(R9-7940HX 16G 1T RTX4070 2.5K 165Hz 高色域)青,8799.0,2024-06-18,http://item.jd.com/100089737202.html
2024-02-25,8999.0,华硕天选5 Pro 锐龙版 16英寸电竞游戏本 笔记本电脑(R9-7940HX 16G 1T RTX4070 2.5K 165Hz 高色域)青,8799.0,2024-06-18,http://item.jd.com/100089737202.html
2024-02-25,8999.0,华硕天选5 Pro 锐龙版 16英寸电竞游戏本 笔记本电脑(R9-7940HX 16G 1T RTX4070 2.5K 165Hz 高色域)青,8799.0,2024-06-18,http://item.jd.com/100089737202.html
2024-02-26,8999.0,华硕天选5 Pro 锐龙版 16英寸电竞游戏本 笔记本电脑(R9-7940HX 16G 1T RTX4070 2.5K 165Hz 高色域)青,8799.0,2024-06-18,http://item.jd.com/100089737202.html
2024-02-26,8999.0,华硕天选5 Pro 锐龙版 16英寸电竞游戏本 笔记本电脑(R9-7940HX 16G 1T RTX4070 2.5K 165Hz 高色域)青,8799.0,2024-06-18,http://item.jd.com/100089737202.html
2024-02-27,8999.0,华硕天选5 Pro 锐龙版 16英寸电竞游戏本 笔记本电脑(R9-7940HX 16G 1T RTX4070 2.5K 165Hz 高色域)青,8799.0,2024-06-18,http://item.jd.com/100089737202.html
2024-02-27,8999.0,华硕天选5 Pro 锐龙版 16英寸电竞游戏本 笔记本电脑(R9-7940HX 16G 1T RTX4070 2.5K 165Hz 高色域)青,8799.0,2024-06-18,http://item.jd.com/100089737202.html
2024-02-28,8999.0,华硕天选5 Pro 锐龙版 16英寸电竞游戏本 笔记本电脑(R9-7940HX 16G 1T RTX4070 2.5K 165Hz 高色域)青,8799.0,2024-06-18,http://item.jd.com/100089737202.html
2024-02-28,8999.0,华硕天选5 Pro 锐龙版 16英寸电竞游戏本 笔记本电脑(R9-7940HX 16G 1T RTX4070 2.5K 165Hz 高色域)青,8799.0,2024-06-18,http://item.jd.com/100089737202.html
2024-02-29,9499.0,华硕天选5 Pro 锐龙版 16英寸电竞游戏本 笔记本电脑(R9-7940HX 16G 1T RTX4070 2.5K 165Hz 高色域)青,8799.0,2024-06-18,http://item.jd.com/100089737202.html
2024-02-29,9499.0,华硕天选5 Pro 锐龙版 16英寸电竞游戏本 笔记本电脑(R9-7940HX 16G 1T RTX4070 2.5K 165Hz 高色域)青,8799.0,2024-06-18,http://item.jd.com/100089737202.html
2024-03-01,9499.0,华硕天选5 Pro 锐龙版 16英寸电竞游戏本 笔记本电脑(R9-7940HX 16G 1T RTX4070 2.5K 165Hz 高色域)青,8799.0,2024-06-18,http://item.jd.com/100089737202.html
2024-03-01,9499.0,华硕天选5 Pro 锐龙版 16英寸电竞游戏本 笔记本电脑(R9-7940HX 16G 1T RTX4070 2.5K 165Hz 高色域)青,8799.0,2024-06-18,http://item.jd.com/100089737202.html
2024-03-02,9499.0,华硕天选5 Pro 锐龙版 16英寸电竞游戏本 笔记本电脑(R9-7940HX 16G 1T RTX4070 2.5K 165Hz 高色域)青,8799.0,2024-06-18,http://item.jd.com/100089737202.html
2024-03-02,9499.0,华硕天选5 Pro 锐龙版 16英寸电竞游戏本 笔记本电脑(R9-7940HX 16G 1T RTX4070 2.5K 165Hz 高色域)青,8799.0,2024-06-18,http://item.jd.com/100089737202.html
2024-03-03,9499.0,华硕天选5 Pro 锐龙版 16英寸电竞游戏本 笔记本电脑(R9-7940HX 16G 1T RTX4070 2.5K 165Hz 高色域)青,8799.0,2024-06-18,http://item.jd.com/100089737202.html
2024-03-03,9499.0,华硕天选5 Pro 锐龙版 16英寸电竞游戏本 笔记本电脑(R9-7940HX 16G 1T RTX4070 2.5K 165Hz 高色域)青,8799.0,2024-06-18,http://item.jd.com/100089737202.html
2024-03-04,9499.0,华硕天选5 Pro 锐龙版 16英寸电竞游戏本 笔记本电脑(R9-7940HX 16G 1T RTX4070 2.5K 165Hz 高色域)青,8799.0,2024-06-18,http://item.jd.com/100089737202.html
2024-03-04,9499.0,华硕天选5 Pro 锐龙版 16英寸电竞游戏本 笔记本电脑(R9-7940HX 16G 1T RTX4070 2.5K 165Hz 高色域)青,8799.0,2024-06-18,http://item.jd.com/100089737202.html
2024-03-05,9499.0,华硕天选5 Pro 锐龙版 16英寸电竞游戏本 笔记本电脑(R9-7940HX 16G 1T RTX4070 2.5K 165Hz 高色域)青,8799.0,2024-06-18,http://item.jd.com/100089737202.html
2024-03-05,9499.0,华硕天选5 Pro 锐龙版 16英寸电竞游戏本 笔记本电脑(R9-7940HX 16G 1T RTX4070 2.5K 165Hz 高色域)青,8799.0,2024-06-18,http://item.jd.com/100089737202.html
2024-03-06,9499.0,华硕天选5 Pro 锐龙版 16英寸电竞游戏本 笔记本电脑(R9-7940HX 16G 1T RTX4070 2.5K 165Hz 高色域)青,8799.0,2024-06-18,http://item.jd.com/100089737202.html
2024-03-06,9499.0,华硕天选5 Pro 锐龙版 16英寸电竞游戏本 笔记本电脑(R9-7940HX 16G 1T RTX4070 2.5K 165Hz 高色域)青,8799.0,2024-06-18,http://item.jd.com/100089737202.html
2024-03-07,9499.0,华硕天选5 Pro 锐龙版 16英寸电竞游戏本 笔记本电脑(R9-7940HX 16G 1T RTX4070 2.5K 165Hz 高色域)青,8799.0,2024-06-18,http://item.jd.com/100089737202.html
2024-03-07,9499.0,华硕天选5 Pro 锐龙版 16英寸电竞游戏本 笔记本电脑(R9-7940HX 16G 1T RTX4070 2.5K 165Hz 高色域)青,8799.0,2024-06-18,http://item.jd.com/100089737202.html
2024-03-08,9499.0,华硕天选5 Pro 锐龙版 16英寸电竞游戏本 笔记本电脑(R9-7940HX 16G 1T RTX4070 2.5K 165Hz 高色域)青,8799.0,2024-06-18,http://item.jd.com/100089737202.html
2024-03-08,9499.0,华硕天选5 Pro 锐龙版 16英寸电竞游戏本 笔记本电脑(R9-7940HX 16G 1T RTX4070 2.5K 165Hz 高色域)青,8799.0,2024-06-18,http://item.jd.com/100089737202.html
2024-03-09,8999.0,华硕天选5 Pro 锐龙版 16英寸电竞游戏本 笔记本电脑(R9-7940HX 16G 1T RTX4070 2.5K 165Hz 高色域)青,8799.0,2024-06-18,http://item.jd.com/100089737202.html
2024-03-09,8999.0,华硕天选5 Pro 锐龙版 16英寸电竞游戏本 笔记本电脑(R9-7940HX 16G 1T RTX4070 2.5K 165Hz 高色域)青,8799.0,2024-06-18,http://item.jd.com/100089737202.html
2024-03-10,9499.0,华硕天选5 Pro 锐龙版 16英寸电竞游戏本 笔记本电脑(R9-7940HX 16G 1T RTX4070 2.5K 165Hz 高色域)青,8799.0,2024-06-18,http://item.jd.com/100089737202.html
2024-03-10,9499.0,华硕天选5 Pro 锐龙版 16英寸电竞游戏本 笔记本电脑(R9-7940HX 16G 1T RTX4070 2.5K 165Hz 高色域)青,8799.0,2024-06-18,http://item.jd.com/100089737202.html
2024-03-11,8999.0,华硕天选5 Pro 锐龙版 16英寸电竞游戏本 笔记本电脑(R9-7940HX 16G 1T RTX4070 2.5K 165Hz 高色域)青,8799.0,2024-06-18,http://item.jd.com/100089737202.html
2024-03-11,8999.0,华硕天选5 Pro 锐龙版 16英寸电竞游戏本 笔记本电脑(R9-7940HX 16G 1T RTX4070 2.5K 165Hz 高色域)青,8799.0,2024-06-18,http://item.jd.com/100089737202.html
2024-03-12,8999.0,华硕天选5 Pro 锐龙版 16英寸电竞游戏本 笔记本电脑(R9-7940HX 16G 1T RTX4070 2.5K 165Hz 高色域)青,8799.0,2024-06-18,http://item.jd.com/100089737202.html
2024-03-12,8999.0,华硕天选5 Pro 锐龙版 16英寸电竞游戏本 笔记本电脑(R9-7940HX 16G 1T RTX4070 2.5K 165Hz 高色域)青,8799.0,2024-06-18,http://item.jd.com/100089737202.html
2024-03-13,9499.0,华硕天选5 Pro 锐龙版 16英寸电竞游戏本 笔记本电脑(R9-7940HX 16G 1T RTX4070 2.5K 165Hz 高色域)青,8799.0,2024-06-18,http://item.jd.com/100089737202.html
2024-03-13,9499.0,华硕天选5 Pro 锐龙版 16英寸电竞游戏本 笔记本电脑(R9-7940HX 16G 1T RTX4070 2.5K 165Hz 高色域)青,8799.0,2024-06-18,http://item.jd.com/100089737202.html
2024-03-14,9499.0,华硕天选5 Pro 锐龙版 16英寸电竞游戏本 笔记本电脑(R9-7940HX 16G 1T RTX4070 2.5K 165Hz 高色域)青,8799.0,2024-06-18,http://item.jd.com/100089737202.html
2024-03-14,9499.0,华硕天选5 Pro 锐龙版 16英寸电竞游戏本 笔记本电脑(R9-7940HX 16G 1T RTX4070 2.5K 165Hz 高色域)青,8799.0,2024-06-18,http://item.jd.com/100089737202.html
2024-03-15,9499.0,华硕天选5 Pro 锐龙版 16英寸电竞游戏本 笔记本电脑(R9-7940HX 16G 1T RTX4070 2.5K 165Hz 高色域)青,8799.0,2024-06-18,http://item.jd.com/100089737202.html
2024-03-15,9499.0,华硕天选5 Pro 锐龙版 16英寸电竞游戏本 笔记本电脑(R9-7940HX 16G 1T RTX4070 2.5K 165Hz 高色域)青,8799.0,2024-06-18,http://item.jd.com/100089737202.html
2024-03-16,9499.0,华硕天选5 Pro 锐龙版 16英寸电竞游戏本 笔记本电脑(R9-7940HX 16G 1T RTX4070 2.5K 165Hz 高色域)青,8799.0,2024-06-18,http://item.jd.com/100089737202.html
2024-03-16,9499.0,华硕天选5 Pro 锐龙版 16英寸电竞游戏本 笔记本电脑(R9-7940HX 16G 1T RTX4070 2.5K 165Hz 高色域)青,8799.0,2024-06-18,http://item.jd.com/100089737202.html
2024-03-17,9499.0,华硕天选5 Pro 锐龙版 16英寸电竞游戏本 笔记本电脑(R9-7940HX 16G 1T RTX4070 2.5K 165Hz 高色域)青,8799.0,2024-06-18,http://item.jd.com/100089737202.html
2024-03-17,9499.0,华硕天选5 Pro 锐龙版 16英寸电竞游戏本 笔记本电脑(R9-7940HX 16G 1T RTX4070 2.5K 165Hz 高色域)青,8799.0,2024-06-18,http://item.jd.com/100089737202.html
2024-03-18,9499.0,华硕天选5 Pro 锐龙版 16英寸电竞游戏本 笔记本电脑(R9-7940HX 16G 1T RTX4070 2.5K 165Hz 高色域)青,8799.0,2024-06-18,http://item.jd.com/100089737202.html
2024-03-18,9499.0,华硕天选5 Pro 锐龙版 16英寸电竞游戏本 笔记本电脑(R9-7940HX 16G 1T RTX4070 2.5K 165Hz 高色域)青,8799.0,2024-06-18,http://item.jd.com/100089737202.html
2024-03-19,9499.0,华硕天选5 Pro 锐龙版 16英寸电竞游戏本 笔记本电脑(R9-7940HX 16G 1T RTX4070 2.5K 165Hz 高色域)青,8799.0,2024-06-18,http://item.jd.com/100089737202.html
2024-03-19,9499.0,华硕天选5 Pro 锐龙版 16英寸电竞游戏本 笔记本电脑(R9-7940HX 16G 1T RTX4070 2.5K 165Hz 高色域)青,8799.0,2024-06-18,http://item.jd.com/100089737202.html
2024-03-20,9499.0,华硕天选5 Pro 锐龙版 16英寸电竞游戏本 笔记本电脑(R9-7940HX 16G 1T RTX4070 2.5K 165Hz 高色域)青,8799.0,2024-06-18,http://item.jd.com/100089737202.html
2024-03-20,9499.0,华硕天选5 Pro 锐龙版 16英寸电竞游戏本 笔记本电脑(R9-7940HX 16G 1T RTX4070 2.5K 165Hz 高色域)青,8799.0,2024-06-18,http://item.jd.com/100089737202.html
2024-03-21,9499.0,华硕天选5 Pro 锐龙版 16英寸电竞游戏本 笔记本电脑(R9-7940HX 16G 1T RTX4070 2.5K 165Hz 高色域)青,8799.0,2024-06-18,http://item.jd.com/100089737202.html
2024-03-21,9499.0,华硕天选5 Pro 锐龙版 16英寸电竞游戏本 笔记本电脑(R9-7940HX 16G 1T RTX4070 2.5K 165Hz 高色域)青,8799.0,2024-06-18,http://item.jd.com/100089737202.html
2024-03-22,9499.0,华硕天选5 Pro 锐龙版 16英寸电竞游戏本 笔记本电脑(R9-7940HX 16G 1T RTX4070 2.5K 165Hz 高色域)青,8799.0,2024-06-18,http://item.jd.com/100089737202.html
2024-03-22,9499.0,华硕天选5 Pro 锐龙版 16英寸电竞游戏本 笔记本电脑(R9-7940HX 16G 1T RTX4070 2.5K 165Hz 高色域)青,8799.0,2024-06-18,http://item.jd.com/100089737202.html
2024-03-23,9499.0,华硕天选5 Pro 锐龙版 16英寸电竞游戏本 笔记本电脑(R9-7940HX 16G 1T RTX4070 2.5K 165Hz 高色域)青,8799.0,2024-06-18,http://item.jd.com/100089737202.html
2024-03-23,9499.0,华硕天选5 Pro 锐龙版 16英寸电竞游戏本 笔记本电脑(R9-7940HX 16G 1T RTX4070 2.5K 165Hz 高色域)青,8799.0,2024-06-18,http://item.jd.com/100089737202.html
2024-03-24,9499.0,华硕天选5 Pro 锐龙版 16英寸电竞游戏本 笔记本电脑(R9-7940HX 16G 1T RTX4070 2.5K 165Hz 高色域)青,8799.0,2024-06-18,http://item.jd.com/100089737202.html
2024-03-24,9499.0,华硕天选5 Pro 锐龙版 16英寸电竞游戏本 笔记本电脑(R9-7940HX 16G 1T RTX4070 2.5K 165Hz 高色域)青,8799.0,2024-06-18,http://item.jd.com/100089737202.html
2024-03-25,9499.0,华硕天选5 Pro 锐龙版 16英寸电竞游戏本 笔记本电脑(R9-7940HX 16G 1T RTX4070 2.5K 165Hz 高色域)青,8799.0,2024-06-18,http://item.jd.com/100089737202.html
2024-03-25,9499.0,华硕天选5 Pro 锐龙版 16英寸电竞游戏本 笔记本电脑(R9-7940HX 16G 1T RTX4070 2.5K 165Hz 高色域)青,8799.0,2024-06-18,http://item.jd.com/100089737202.html
2024-03-26,9499.0,华硕天选5 Pro 锐龙版 16英寸电竞游戏本 笔记本电脑(R9-7940HX 16G 1T RTX4070 2.5K 165Hz 高色域)青,8799.0,2024-06-18,http://item.jd.com/100089737202.html
2024-03-26,9499.0,华硕天选5 Pro 锐龙版 16英寸电竞游戏本 笔记本电脑(R9-7940HX 16G 1T RTX4070 2.5K 165Hz 高色域)青,8799.0,2024-06-18,http://item.jd.com/100089737202.html
2024-03-27,9499.0,华硕天选5 Pro 锐龙版 16英寸电竞游戏本 笔记本电脑(R9-7940HX 16G 1T RTX4070 2.5K 165Hz 高色域)青,8799.0,2024-06-18,http://item.jd.com/100089737202.html
2024-03-27,9499.0,华硕天选5 Pro 锐龙版 16英寸电竞游戏本 笔记本电脑(R9-7940HX 16G 1T RTX4070 2.5K 165Hz 高色域)青,8799.0,2024-06-18,http://item.jd.com/100089737202.html
2024-03-28,9499.0,华硕天选5 Pro 锐龙版 16英寸电竞游戏本 笔记本电脑(R9-7940HX 16G 1T RTX4070 2.5K 165Hz 高色域)青,8799.0,2024-06-18,http://item.jd.com/100089737202.html
2024-03-28,9499.0,华硕天选5 Pro 锐龙版 16英寸电竞游戏本 笔记本电脑(R9-7940HX 16G 1T RTX4070 2.5K 165Hz 高色域)青,8799.0,2024-06-18,http://item.jd.com/100089737202.html
2024-03-29,9499.0,华硕天选5 Pro 锐龙版 16英寸电竞游戏本 笔记本电脑(R9-7940HX 16G 1T RTX4070 2.5K 165Hz 高色域)青,8799.0,2024-06-18,http://item.jd.com/100089737202.html
2024-03-28,9499.0,华硕天选5 Pro 锐龙版 16英寸电竞游戏本 笔记本电脑(R9-7940HX 16G 1T RTX4070 2.5K 165Hz 高色域)青,8799.0,2024-06-18,http://item.jd.com/100089737202.html
2024-03-29,9499.0,华硕天选5 Pro 锐龙版 16英寸电竞游戏本 笔记本电脑(R9-7940HX 16G 1T RTX4070 2.5K 165Hz 高色域)青,8799.0,2024-06-18,http://item.jd.com/100089737202.html
2024-03-28,9499.0,华硕天选5 Pro 锐龙版 16英寸电竞游戏本 笔记本电脑(R9-7940HX 16G 1T RTX4070 2.5K 165Hz 高色域)青,8799.0,2024-06-18,http://item.jd.com/100089737202.html
2024-03-29,9499.0,华硕天选5 Pro 锐龙版 16英寸电竞游戏本 笔记本电脑(R9-7940HX 16G 1T RTX4070 2.5K 165Hz 高色域)青,8799.0,2024-06-18,http://item.jd.com/100089737202.html
2024-03-31,9499.0,华硕天选5 Pro 锐龙版 16英寸电竞游戏本 笔记本电脑(R9-7940HX 16G 1T RTX4070 2.5K 165Hz 高色域)青,8799.0,2024-06-18,http://item.jd.com/100089737202.html
2024-04-01,8999.0,华硕天选5 Pro 锐龙版 16英寸电竞游戏本 笔记本电脑(R9-7940HX 16G 1T RTX4070 2.5K 165Hz 高色域)青,8799.0,2024-06-18,http://item.jd.com/100089737202.html
2024-04-01,8999.0,华硕天选5 Pro 锐龙版 16英寸电竞游戏本 笔记本电脑(R9-7940HX 16G 1T RTX4070 2.5K 165Hz 高色域)青,8799.0,2024-06-18,http://item.jd.com/100089737202.html
2024-04-02,8999.0,华硕天选5 Pro 锐龙版 16英寸电竞游戏本 笔记本电脑(R9-7940HX 16G 1T RTX4070 2.5K 165Hz 高色域)青,8799.0,2024-06-18,http://item.jd.com/100089737202.html
2024-04-02,8999.0,华硕天选5 Pro 锐龙版 16英寸电竞游戏本 笔记本电脑(R9-7940HX 16G 1T RTX4070 2.5K 165Hz 高色域)青,8799.0,2024-06-18,http://item.jd.com/100089737202.html
2024-04-03,8999.0,华硕天选5 Pro 锐龙版 16英寸电竞游戏本 笔记本电脑(R9-7940HX 16G 1T RTX4070 2.5K 165Hz 高色域)青,8799.0,2024-06-18,http://item.jd.com/100089737202.html
2024-04-03,8999.0,华硕天选5 Pro 锐龙版 16英寸电竞游戏本 笔记本电脑(R9-7940HX 16G 1T RTX4070 2.5K 165Hz 高色域)青,8799.0,2024-06-18,http://item.jd.com/100089737202.html
2024-04-04,8999.0,华硕天选5 Pro 锐龙版 16英寸电竞游戏本 笔记本电脑(R9-7940HX 16G 1T RTX4070 2.5K 165Hz 高色域)青,8799.0,2024-06-18,http://item.jd.com/100089737202.html
2024-04-05,8999.0,华硕天选5 Pro 锐龙版 16英寸电竞游戏本 笔记本电脑(R9-7940HX 16G 1T RTX4070 2.5K 165Hz 高色域)青,8799.0,2024-06-18,http://item.jd.com/100089737202.html
2024-04-06,8999.0,华硕天选5 Pro 锐龙版 16英寸电竞游戏本 笔记本电脑(R9-7940HX 16G 1T RTX4070 2.5K 165Hz 高色域)青,8799.0,2024-06-18,http://item.jd.com/100089737202.html
2024-04-06,8999.0,华硕天选5 Pro 锐龙版 16英寸电竞游戏本 笔记本电脑(R9-7940HX 16G 1T RTX4070 2.5K 165Hz 高色域)青,8799.0,2024-06-18,http://item.jd.com/100089737202.html
2024-04-07,8999.0,华硕天选5 Pro 锐龙版 16英寸电竞游戏本 笔记本电脑(R9-7940HX 16G 1T RTX4070 2.5K 165Hz 高色域)青,8799.0,2024-06-18,http://item.jd.com/100089737202.html
2024-04-07,8999.0,华硕天选5 Pro 锐龙版 16英寸电竞游戏本 笔记本电脑(R9-7940HX 16G 1T RTX4070 2.5K 165Hz 高色域)青,8799.0,2024-06-18,http://item.jd.com/100089737202.html
2024-04-08,8999.0,华硕天选5 Pro 锐龙版 16英寸电竞游戏本 笔记本电脑(R9-7940HX 16G 1T RTX4070 2.5K 165Hz 高色域)青,8799.0,2024-06-18,http://item.jd.com/100089737202.html
2024-04-08,8999.0,华硕天选5 Pro 锐龙版 16英寸电竞游戏本 笔记本电脑(R9-7940HX 16G 1T RTX4070 2.5K 165Hz 高色域)青,8799.0,2024-06-18,http://item.jd.com/100089737202.html
2024-04-09,8999.0,华硕天选5 Pro 锐龙版 16英寸电竞游戏本 笔记本电脑(R9-7940HX 16G 1T RTX4070 2.5K 165Hz 高色域)青,8799.0,2024-06-18,http://item.jd.com/100089737202.html
2024-04-09,8999.0,华硕天选5 Pro 锐龙版 16英寸电竞游戏本 笔记本电脑(R9-7940HX 16G 1T RTX4070 2.5K 165Hz 高色域)青,8799.0,2024-06-18,http://item.jd.com/100089737202.html
2024-04-10,8999.0,华硕天选5 Pro 锐龙版 16英寸电竞游戏本 笔记本电脑(R9-7940HX 16G 1T RTX4070 2.5K 165Hz 高色域)青,8799.0,2024-06-18,http://item.jd.com/100089737202.html
2024-04-10,8999.0,华硕天选5 Pro 锐龙版 16英寸电竞游戏本 笔记本电脑(R9-7940HX 16G 1T RTX4070 2.5K 165Hz 高色域)青,8799.0,2024-06-18,http://item.jd.com/100089737202.html
2024-04-11,8999.0,华硕天选5 Pro 锐龙版 16英寸电竞游戏本 笔记本电脑(R9-7940HX 16G 1T RTX4070 2.5K 165Hz 高色域)青,8799.0,2024-06-18,http://item.jd.com/100089737202.html
2024-04-11,8999.0,华硕天选5 Pro 锐龙版 16英寸电竞游戏本 笔记本电脑(R9-7940HX 16G 1T RTX4070 2.5K 165Hz 高色域)青,8799.0,2024-06-18,http://item.jd.com/100089737202.html
2024-04-12,8999.0,华硕天选5 Pro 锐龙版 16英寸电竞游戏本 笔记本电脑(R9-7940HX 16G 1T RTX4070 2.5K 165Hz 高色域)青,8799.0,2024-06-18,http://item.jd.com/100089737202.html
2024-04-12,8999.0,华硕天选5 Pro 锐龙版 16英寸电竞游戏本 笔记本电脑(R9-7940HX 16G 1T RTX4070 2.5K 165Hz 高色域)青,8799.0,2024-06-18,http://item.jd.com/100089737202.html
2024-04-13,8999.0,华硕天选5 Pro 锐龙版 16英寸电竞游戏本 笔记本电脑(R9-7940HX 16G 1T RTX4070 2.5K 165Hz 高色域)青,8799.0,2024-06-18,http://item.jd.com/100089737202.html
2024-04-13,8999.0,华硕天选5 Pro 锐龙版 16英寸电竞游戏本 笔记本电脑(R9-7940HX 16G 1T RTX4070 2.5K 165Hz 高色域)青,8799.0,2024-06-18,http://item.jd.com/100089737202.html
2024-04-14,8999.0,华硕天选5 Pro 锐龙版 16英寸电竞游戏本 笔记本电脑(R9-7940HX 16G 1T RTX4070 2.5K 165Hz 高色域)青,8799.0,2024-06-18,http://item.jd.com/100089737202.html
2024-04-14,8999.0,华硕天选5 Pro 锐龙版 16英寸电竞游戏本 笔记本电脑(R9-7940HX 16G 1T RTX4070 2.5K 165Hz 高色域)青,8799.0,2024-06-18,http://item.jd.com/100089737202.html
2024-04-15,8999.0,华硕天选5 Pro 锐龙版 16英寸电竞游戏本 笔记本电脑(R9-7940HX 16G 1T RTX4070 2.5K 165Hz 高色域)青,8799.0,2024-06-18,http://item.jd.com/100089737202.html
2024-04-15,8999.0,华硕天选5 Pro 锐龙版 16英寸电竞游戏本 笔记本电脑(R9-7940HX 16G 1T RTX4070 2.5K 165Hz 高色域)青,8799.0,2024-06-18,http://item.jd.com/100089737202.html
2024-04-16,8999.0,华硕天选5 Pro 锐龙版 16英寸电竞游戏本 笔记本电脑(R9-7940HX 16G 1T RTX4070 2.5K 165Hz 高色域)青,8799.0,2024-06-18,http://item.jd.com/100089737202.html
2024-04-17,8999.0,华硕天选5 Pro 锐龙版 16英寸电竞游戏本 笔记本电脑(R9-7940HX 16G 1T RTX4070 2.5K 165Hz 高色域)青,8799.0,2024-06-18,http://item.jd.com/100089737202.html
2024-04-18,8999.0,华硕天选5 Pro 锐龙版 16英寸电竞游戏本 笔记本电脑(R9-7940HX 16G 1T RTX4070 2.5K 165Hz 高色域)青,8799.0,2024-06-18,http://item.jd.com/100089737202.html
2024-04-18,8999.0,华硕天选5 Pro 锐龙版 16英寸电竞游戏本 笔记本电脑(R9-7940HX 16G 1T RTX4070 2.5K 165Hz 高色域)青,8799.0,2024-06-18,http://item.jd.com/100089737202.html
2024-04-19,8999.0,华硕天选5 Pro 锐龙版 16英寸电竞游戏本 笔记本电脑(R9-7940HX 16G 1T RTX4070 2.5K 165Hz 高色域)青,8799.0,2024-06-18,http://item.jd.com/100089737202.html
2024-04-19,8999.0,华硕天选5 Pro 锐龙版 16英寸电竞游戏本 笔记本电脑(R9-7940HX 16G 1T RTX4070 2.5K 165Hz 高色域)青,8799.0,2024-06-18,http://item.jd.com/100089737202.html
2024-04-20,8999.0,华硕天选5 Pro 锐龙版 16英寸电竞游戏本 笔记本电脑(R9-7940HX 16G 1T RTX4070 2.5K 165Hz 高色域)青,8799.0,2024-06-18,http://item.jd.com/100089737202.html
2024-04-20,8999.0,华硕天选5 Pro 锐龙版 16英寸电竞游戏本 笔记本电脑(R9-7940HX 16G 1T RTX4070 2.5K 165Hz 高色域)青,8799.0,2024-06-18,http://item.jd.com/100089737202.html
2024-04-21,8999.0,华硕天选5 Pro 锐龙版 16英寸电竞游戏本 笔记本电脑(R9-7940HX 16G 1T RTX4070 2.5K 165Hz 高色域)青,8799.0,2024-06-18,http://item.jd.com/100089737202.html
2024-04-21,8999.0,华硕天选5 Pro 锐龙版 16英寸电竞游戏本 笔记本电脑(R9-7940HX 16G 1T RTX4070 2.5K 165Hz 高色域)青,8799.0,2024-06-18,http://item.jd.com/100089737202.html
2024-04-22,8999.0,华硕天选5 Pro 锐龙版 16英寸电竞游戏本 笔记本电脑(R9-7940HX 16G 1T RTX4070 2.5K 165Hz 高色域)青,8799.0,2024-06-18,http://item.jd.com/100089737202.html
2024-04-23,8999.0,华硕天选5 Pro 锐龙版 16英寸电竞游戏本 笔记本电脑(R9-7940HX 16G 1T RTX4070 2.5K 165Hz 高色域)青,8799.0,2024-06-18,http://item.jd.com/100089737202.html
2024-04-24,8999.0,华硕天选5 Pro 锐龙版 16英寸电竞游戏本 笔记本电脑(R9-7940HX 16G 1T RTX4070 2.5K 165Hz 高色域)青,8799.0,2024-06-18,http://item.jd.com/100089737202.html
2024-04-24,8999.0,华硕天选5 Pro 锐龙版 16英寸电竞游戏本 笔记本电脑(R9-7940HX 16G 1T RTX4070 2.5K 165Hz 高色域)青,8799.0,2024-06-18,http://item.jd.com/100089737202.html
2024-04-25,8999.0,华硕天选5 Pro 锐龙版 16英寸电竞游戏本 笔记本电脑(R9-7940HX 16G 1T RTX4070 2.5K 165Hz 高色域)青,8799.0,2024-06-18,http://item.jd.com/100089737202.html
2024-04-25,8999.0,华硕天选5 Pro 锐龙版 16英寸电竞游戏本 笔记本电脑(R9-7940HX 16G 1T RTX4070 2.5K 165Hz 高色域)青,8799.0,2024-06-18,http://item.jd.com/100089737202.html
2024-04-26,8999.0,华硕天选5 Pro 锐龙版 16英寸电竞游戏本 笔记本电脑(R9-7940HX 16G 1T RTX4070 2.5K 165Hz 高色域)青,8799.0,2024-06-18,http://item.jd.com/100089737202.html
2024-04-26,8999.0,华硕天选5 Pro 锐龙版 16英寸电竞游戏本 笔记本电脑(R9-7940HX 16G 1T RTX4070 2.5K 165Hz 高色域)青,8799.0,2024-06-18,http://item.jd.com/100089737202.html
2024-04-27,8999.0,华硕天选5 Pro 锐龙版 16英寸电竞游戏本 笔记本电脑(R9-7940HX 16G 1T RTX4070 2.5K 165Hz 高色域)青,8799.0,2024-06-18,http://item.jd.com/100089737202.html
2024-04-27,8999.0,华硕天选5 Pro 锐龙版 16英寸电竞游戏本 笔记本电脑(R9-7940HX 16G 1T RTX4070 2.5K 165Hz 高色域)青,8799.0,2024-06-18,http://item.jd.com/100089737202.html
2024-04-28,8999.0,华硕天选5 Pro 锐龙版 16英寸电竞游戏本 笔记本电脑(R9-7940HX 16G 1T RTX4070 2.5K 165Hz 高色域)青,8799.0,2024-06-18,http://item.jd.com/100089737202.html
2024-04-28,8999.0,华硕天选5 Pro 锐龙版 16英寸电竞游戏本 笔记本电脑(R9-7940HX 16G 1T RTX4070 2.5K 165Hz 高色域)青,8799.0,2024-06-18,http://item.jd.com/100089737202.html
2024-04-29,8999.0,华硕天选5 Pro 锐龙版 16英寸电竞游戏本 笔记本电脑(R9-7940HX 16G 1T RTX4070 2.5K 165Hz 高色域)青,8799.0,2024-06-18,http://item.jd.com/100089737202.html
2024-04-30,8999.0,华硕天选5 Pro 锐龙版 16英寸电竞游戏本 笔记本电脑(R9-7940HX 16G 1T RTX4070 2.5K 165Hz 高色域)青,8799.0,2024-06-18,http://item.jd.com/100089737202.html
2024-05-01,8999.0,华硕天选5 Pro 锐龙版 16英寸电竞游戏本 笔记本电脑(R9-7940HX 16G 1T RTX4070 2.5K 165Hz 高色域)青,8799.0,2024-06-18,http://item.jd.com/100089737202.html
2024-05-01,8999.0,华硕天选5 Pro 锐龙版 16英寸电竞游戏本 笔记本电脑(R9-7940HX 16G 1T RTX4070 2.5K 165Hz 高色域)青,8799.0,2024-06-18,http://item.jd.com/100089737202.html
2024-05-02,8999.0,华硕天选5 Pro 锐龙版 16英寸电竞游戏本 笔记本电脑(R9-7940HX 16G 1T RTX4070 2.5K 165Hz 高色域)青,8799.0,2024-06-18,http://item.jd.com/100089737202.html
2024-05-02,8999.0,华硕天选5 Pro 锐龙版 16英寸电竞游戏本 笔记本电脑(R9-7940HX 16G 1T RTX4070 2.5K 165Hz 高色域)青,8799.0,2024-06-18,http://item.jd.com/100089737202.html
2024-05-03,8999.0,华硕天选5 Pro 锐龙版 16英寸电竞游戏本 笔记本电脑(R9-7940HX 16G 1T RTX4070 2.5K 165Hz 高色域)青,8799.0,2024-06-18,http://item.jd.com/100089737202.html
2024-05-03,8999.0,华硕天选5 Pro 锐龙版 16英寸电竞游戏本 笔记本电脑(R9-7940HX 16G 1T RTX4070 2.5K 165Hz 高色域)青,8799.0,2024-06-18,http://item.jd.com/100089737202.html
2024-05-04,8999.0,华硕天选5 Pro 锐龙版 16英寸电竞游戏本 笔记本电脑(R9-7940HX 16G 1T RTX4070 2.5K 165Hz 高色域)青,8799.0,2024-06-18,http://item.jd.com/100089737202.html
2024-05-04,8999.0,华硕天选5 Pro 锐龙版 16英寸电竞游戏本 笔记本电脑(R9-7940HX 16G 1T RTX4070 2.5K 165Hz 高色域)青,8799.0,2024-06-18,http://item.jd.com/100089737202.html
2024-05-05,8999.0,华硕天选5 Pro 锐龙版 16英寸电竞游戏本 笔记本电脑(R9-7940HX 16G 1T RTX4070 2.5K 165Hz 高色域)青,8799.0,2024-06-18,http://item.jd.com/100089737202.html
2024-05-05,8999.0,华硕天选5 Pro 锐龙版 16英寸电竞游戏本 笔记本电脑(R9-7940HX 16G 1T RTX4070 2.5K 165Hz 高色域)青,8799.0,2024-06-18,http://item.jd.com/100089737202.html
2024-05-06,8999.0,华硕天选5 Pro 锐龙版 16英寸电竞游戏本 笔记本电脑(R9-7940HX 16G 1T RTX4070 2.5K 165Hz 高色域)青,8799.0,2024-06-18,http://item.jd.com/100089737202.html
2024-05-07,8999.0,华硕天选5 Pro 锐龙版 16英寸电竞游戏本 笔记本电脑(R9-7940HX 16G 1T RTX4070 2.5K 165Hz 高色域)青,8799.0,2024-06-18,http://item.jd.com/100089737202.html
2024-05-08,8999.0,华硕天选5 Pro 锐龙版 16英寸电竞游戏本 笔记本电脑(R9-7940HX 16G 1T RTX4070 2.5K 165Hz 高色域)青,8799.0,2024-06-18,http://item.jd.com/100089737202.html
2024-05-08,8999.0,华硕天选5 Pro 锐龙版 16英寸电竞游戏本 笔记本电脑(R9-7940HX 16G 1T RTX4070 2.5K 165Hz 高色域)青,8799.0,2024-06-18,http://item.jd.com/100089737202.html
2024-05-09,8999.0,华硕天选5 Pro 锐龙版 16英寸电竞游戏本 笔记本电脑(R9-7940HX 16G 1T RTX4070 2.5K 165Hz 高色域)青,8799.0,2024-06-18,http://item.jd.com/100089737202.html
2024-05-09,8999.0,华硕天选5 Pro 锐龙版 16英寸电竞游戏本 笔记本电脑(R9-7940HX 16G 1T RTX4070 2.5K 165Hz 高色域)青,8799.0,2024-06-18,http://item.jd.com/100089737202.html
2024-05-10,8999.0,华硕天选5 Pro 锐龙版 16英寸电竞游戏本 笔记本电脑(R9-7940HX 16G 1T RTX4070 2.5K 165Hz 高色域)青,8799.0,2024-06-18,http://item.jd.com/100089737202.html
2024-05-10,8999.0,华硕天选5 Pro 锐龙版 16英寸电竞游戏本 笔记本电脑(R9-7940HX 16G 1T RTX4070 2.5K 165Hz 高色域)青,8799.0,2024-06-18,http://item.jd.com/100089737202.html
2024-05-11,8999.0,华硕天选5 Pro 锐龙版 16英寸电竞游戏本 笔记本电脑(R9-7940HX 16G 1T RTX4070 2.5K 165Hz 高色域)青,8799.0,2024-06-18,http://item.jd.com/100089737202.html
2024-05-11,8999.0,华硕天选5 Pro 锐龙版 16英寸电竞游戏本 笔记本电脑(R9-7940HX 16G 1T RTX4070 2.5K 165Hz 高色域)青,8799.0,2024-06-18,http://item.jd.com/100089737202.html
2024-05-12,8999.0,华硕天选5 Pro 锐龙版 16英寸电竞游戏本 笔记本电脑(R9-7940HX 16G 1T RTX4070 2.5K 165Hz 高色域)青,8799.0,2024-06-18,http://item.jd.com/100089737202.html
2024-05-12,8999.0,华硕天选5 Pro 锐龙版 16英寸电竞游戏本 笔记本电脑(R9-7940HX 16G 1T RTX4070 2.5K 165Hz 高色域)青,8799.0,2024-06-18,http://item.jd.com/100089737202.html
2024-05-13,8999.0,华硕天选5 Pro 锐龙版 16英寸电竞游戏本 笔记本电脑(R9-7940HX 16G 1T RTX4070 2.5K 165Hz 高色域)青,8799.0,2024-06-18,http://item.jd.com/100089737202.html
2024-05-13,8999.0,华硕天选5 Pro 锐龙版 16英寸电竞游戏本 笔记本电脑(R9-7940HX 16G 1T RTX4070 2.5K 165Hz 高色域)青,8799.0,2024-06-18,http://item.jd.com/100089737202.html
2024-05-14,8999.0,华硕天选5 Pro 锐龙版 16英寸电竞游戏本 笔记本电脑(R9-7940HX 16G 1T RTX4070 2.5K 165Hz 高色域)青,8799.0,2024-06-18,http://item.jd.com/100089737202.html
2024-05-14,8999.0,华硕天选5 Pro 锐龙版 16英寸电竞游戏本 笔记本电脑(R9-7940HX 16G 1T RTX4070 2.5K 165Hz 高色域)青,8799.0,2024-06-18,http://item.jd.com/100089737202.html
2024-05-15,8999.0,华硕天选5 Pro 锐龙版 16英寸电竞游戏本 笔记本电脑(R9-7940HX 16G 1T RTX4070 2.5K 165Hz 高色域)青,8799.0,2024-06-18,http://item.jd.com/100089737202.html
2024-05-15,8999.0,华硕天选5 Pro 锐龙版 16英寸电竞游戏本 笔记本电脑(R9-7940HX 16G 1T RTX4070 2.5K 165Hz 高色域)青,8799.0,2024-06-18,http://item.jd.com/100089737202.html
2024-05-16,8999.0,华硕天选5 Pro 锐龙版 16英寸电竞游戏本 笔记本电脑(R9-7940HX 16G 1T RTX4070 2.5K 165Hz 高色域)青,8799.0,2024-06-18,http://item.jd.com/100089737202.html
2024-05-16,8999.0,华硕天选5 Pro 锐龙版 16英寸电竞游戏本 笔记本电脑(R9-7940HX 16G 1T RTX4070 2.5K 165Hz 高色域)青,8799.0,2024-06-18,http://item.jd.com/100089737202.html
2024-05-17,8999.0,华硕天选5 Pro 锐龙版 16英寸电竞游戏本 笔记本电脑(R9-7940HX 16G 1T RTX4070 2.5K 165Hz 高色域)青,8799.0,2024-06-18,http://item.jd.com/100089737202.html
2024-05-17,8999.0,华硕天选5 Pro 锐龙版 16英寸电竞游戏本 笔记本电脑(R9-7940HX 16G 1T RTX4070 2.5K 165Hz 高色域)青,8799.0,2024-06-18,http://item.jd.com/100089737202.html
2024-05-18,8999.0,华硕天选5 Pro 锐龙版 16英寸电竞游戏本 笔记本电脑(R9-7940HX 16G 1T RTX4070 2.5K 165Hz 高色域)青,8799.0,2024-06-18,http://item.jd.com/100089737202.html
2024-05-18,8999.0,华硕天选5 Pro 锐龙版 16英寸电竞游戏本 笔记本电脑(R9-7940HX 16G 1T RTX4070 2.5K 165Hz 高色域)青,8799.0,2024-06-18,http://item.jd.com/100089737202.html
2024-05-19,8999.0,华硕天选5 Pro 锐龙版 16英寸电竞游戏本 笔记本电脑(R9-7940HX 16G 1T RTX4070 2.5K 165Hz 高色域)青,8799.0,2024-06-18,http://item.jd.com/100089737202.html
2024-05-19,8999.0,华硕天选5 Pro 锐龙版 16英寸电竞游戏本 笔记本电脑(R9-7940HX 16G 1T RTX4070 2.5K 165Hz 高色域)青,8799.0,2024-06-18,http://item.jd.com/100089737202.html
2024-05-20,8999.0,华硕天选5 Pro 锐龙版 16英寸电竞游戏本 笔记本电脑(R9-7940HX 16G 1T RTX4070 2.5K 165Hz 高色域)青,8799.0,2024-06-18,http://item.jd.com/100089737202.html
2024-05-20,8999.0,华硕天选5 Pro 锐龙版 16英寸电竞游戏本 笔记本电脑(R9-7940HX 16G 1T RTX4070 2.5K 165Hz 高色域)青,8799.0,2024-06-18,http://item.jd.com/100089737202.html
2024-05-21,8999.0,华硕天选5 Pro 锐龙版 16英寸电竞游戏本 笔记本电脑(R9-7940HX 16G 1T RTX4070 2.5K 165Hz 高色域)青,8799.0,2024-06-18,http://item.jd.com/100089737202.html
2024-05-21,8999.0,华硕天选5 Pro 锐龙版 16英寸电竞游戏本 笔记本电脑(R9-7940HX 16G 1T RTX4070 2.5K 165Hz 高色域)青,8799.0,2024-06-18,http://item.jd.com/100089737202.html
2024-05-22,8999.0,华硕天选5 Pro 锐龙版 16英寸电竞游戏本 笔记本电脑(R9-7940HX 16G 1T RTX4070 2.5K 165Hz 高色域)青,8799.0,2024-06-18,http://item.jd.com/100089737202.html
2024-05-22,8999.0,华硕天选5 Pro 锐龙版 16英寸电竞游戏本 笔记本电脑(R9-7940HX 16G 1T RTX4070 2.5K 165Hz 高色域)青,8799.0,2024-06-18,http://item.jd.com/100089737202.html
2024-05-23,8999.0,华硕天选5 Pro 锐龙版 16英寸电竞游戏本 笔记本电脑(R9-7940HX 16G 1T RTX4070 2.5K 165Hz 高色域)青,8799.0,2024-06-18,http://item.jd.com/100089737202.html
2024-05-23,8999.0,华硕天选5 Pro 锐龙版 16英寸电竞游戏本 笔记本电脑(R9-7940HX 16G 1T RTX4070 2.5K 165Hz 高色域)青,8799.0,2024-06-18,http://item.jd.com/100089737202.html
2024-05-24,8999.0,华硕天选5 Pro 锐龙版 16英寸电竞游戏本 笔记本电脑(R9-7940HX 16G 1T RTX4070 2.5K 165Hz 高色域)青,8799.0,2024-06-18,http://item.jd.com/100089737202.html
2024-05-24,8999.0,华硕天选5 Pro 锐龙版 16英寸电竞游戏本 笔记本电脑(R9-7940HX 16G 1T RTX4070 2.5K 165Hz 高色域)青,8799.0,2024-06-18,http://item.jd.com/100089737202.html
2024-05-25,8999.0,华硕天选5 Pro 锐龙版 16英寸电竞游戏本 笔记本电脑(R9-7940HX 16G 1T RTX4070 2.5K 165Hz 高色域)青,8799.0,2024-06-18,http://item.jd.com/100089737202.html
2024-05-25,8999.0,华硕天选5 Pro 锐龙版 16英寸电竞游戏本 笔记本电脑(R9-7940HX 16G 1T RTX4070 2.5K 165Hz 高色域)青,8799.0,2024-06-18,http://item.jd.com/100089737202.html
2024-05-26,8999.0,华硕天选5 Pro 锐龙版 16英寸电竞游戏本 笔记本电脑(R9-7940HX 16G 1T RTX4070 2.5K 165Hz 高色域)青,8799.0,2024-06-18,http://item.jd.com/100089737202.html
2024-05-26,8999.0,华硕天选5 Pro 锐龙版 16英寸电竞游戏本 笔记本电脑(R9-7940HX 16G 1T RTX4070 2.5K 165Hz 高色域)青,8799.0,2024-06-18,http://item.jd.com/100089737202.html
2024-05-27,8999.0,华硕天选5 Pro 锐龙版 16英寸电竞游戏本 笔记本电脑(R9-7940HX 16G 1T RTX4070 2.5K 165Hz 高色域)青,8799.0,2024-06-18,http://item.jd.com/100089737202.html
2024-05-27,8999.0,华硕天选5 Pro 锐龙版 16英寸电竞游戏本 笔记本电脑(R9-7940HX 16G 1T RTX4070 2.5K 165Hz 高色域)青,8799.0,2024-06-18,http://item.jd.com/100089737202.html
2024-05-28,8999.0,华硕天选5 Pro 锐龙版 16英寸电竞游戏本 笔记本电脑(R9-7940HX 16G 1T RTX4070 2.5K 165Hz 高色域)青,8799.0,2024-06-18,http://item.jd.com/100089737202.html
2024-05-28,8999.0,华硕天选5 Pro 锐龙版 16英寸电竞游戏本 笔记本电脑(R9-7940HX 16G 1T RTX4070 2.5K 165Hz 高色域)青,8799.0,2024-06-18,http://item.jd.com/100089737202.html
2024-05-29,8999.0,华硕天选5 Pro 锐龙版 16英寸电竞游戏本 笔记本电脑(R9-7940HX 16G 1T RTX4070 2.5K 165Hz 高色域)青,8799.0,2024-06-18,http://item.jd.com/100089737202.html
2024-05-29,8999.0,华硕天选5 Pro 锐龙版 16英寸电竞游戏本 笔记本电脑(R9-7940HX 16G 1T RTX4070 2.5K 165Hz 高色域)青,8799.0,2024-06-18,http://item.jd.com/100089737202.html
2024-05-30,8999.0,华硕天选5 Pro 锐龙版 16英寸电竞游戏本 笔记本电脑(R9-7940HX 16G 1T RTX4070 2.5K 165Hz 高色域)青,8799.0,2024-06-18,http://item.jd.com/100089737202.html
2024-05-29,8999.0,华硕天选5 Pro 锐龙版 16英寸电竞游戏本 笔记本电脑(R9-7940HX 16G 1T RTX4070 2.5K 165Hz 高色域)青,8799.0,2024-06-18,http://item.jd.com/100089737202.html
2024-05-30,8799.0,华硕天选5 Pro 锐龙版 16英寸电竞游戏本 笔记本电脑(R9-7940HX 16G 1T RTX4070 2.5K 165Hz 高色域)青,8799.0,2024-06-18,http://item.jd.com/100089737202.html
2024-05-31,8799.0,华硕天选5 Pro 锐龙版 16英寸电竞游戏本 笔记本电脑(R9-7940HX 16G 1T RTX4070 2.5K 165Hz 高色域)青,8799.0,2024-06-18,http://item.jd.com/100089737202.html
2024-06-01,8799.0,华硕天选5 Pro 锐龙版 16英寸电竞游戏本 笔记本电脑(R9-7940HX 16G 1T RTX4070 2.5K 165Hz 高色域)青,8799.0,2024-06-18,http://item.jd.com/100089737202.html
2024-06-01,8799.0,华硕天选5 Pro 锐龙版 16英寸电竞游戏本 笔记本电脑(R9-7940HX 16G 1T RTX4070 2.5K 165Hz 高色域)青,8799.0,2024-06-18,http://item.jd.com/100089737202.html
2024-06-02,8799.0,华硕天选5 Pro 锐龙版 16英寸电竞游戏本 笔记本电脑(R9-7940HX 16G 1T RTX4070 2.5K 165Hz 高色域)青,8799.0,2024-06-18,http://item.jd.com/100089737202.html
2024-06-02,8799.0,华硕天选5 Pro 锐龙版 16英寸电竞游戏本 笔记本电脑(R9-7940HX 16G 1T RTX4070 2.5K 165Hz 高色域)青,8799.0,2024-06-18,http://item.jd.com/100089737202.html
2024-06-03,8799.0,华硕天选5 Pro 锐龙版 16英寸电竞游戏本 笔记本电脑(R9-7940HX 16G 1T RTX4070 2.5K 165Hz 高色域)青,8799.0,2024-06-18,http://item.jd.com/100089737202.html
2024-06-03,8799.0,华硕天选5 Pro 锐龙版 16英寸电竞游戏本 笔记本电脑(R9-7940HX 16G 1T RTX4070 2.5K 165Hz 高色域)青,8799.0,2024-06-18,http://item.jd.com/100089737202.html
2024-06-04,8799.0,华硕天选5 Pro 锐龙版 16英寸电竞游戏本 笔记本电脑(R9-7940HX 16G 1T RTX4070 2.5K 165Hz 高色域)青,8799.0,2024-06-18,http://item.jd.com/100089737202.html
2024-06-04,8799.0,华硕天选5 Pro 锐龙版 16英寸电竞游戏本 笔记本电脑(R9-7940HX 16G 1T RTX4070 2.5K 165Hz 高色域)青,8799.0,2024-06-18,http://item.jd.com/100089737202.html
2024-06-05,8799.0,华硕天选5 Pro 锐龙版 16英寸电竞游戏本 笔记本电脑(R9-7940HX 16G 1T RTX4070 2.5K 165Hz 高色域)青,8799.0,2024-06-18,http://item.jd.com/100089737202.html
2024-06-06,8799.0,华硕天选5 Pro 锐龙版 16英寸电竞游戏本 笔记本电脑(R9-7940HX 16G 1T RTX4070 2.5K 165Hz 高色域)青,8799.0,2024-06-18,http://item.jd.com/100089737202.html
2024-06-07,8799.0,华硕天选5 Pro 锐龙版 16英寸电竞游戏本 笔记本电脑(R9-7940HX 16G 1T RTX4070 2.5K 165Hz 高色域)青,8799.0,2024-06-18,http://item.jd.com/100089737202.html
2024-06-07,8799.0,华硕天选5 Pro 锐龙版 16英寸电竞游戏本 笔记本电脑(R9-7940HX 16G 1T RTX4070 2.5K 165Hz 高色域)青,8799.0,2024-06-18,http://item.jd.com/100089737202.html
2024-06-08,8799.0,华硕天选5 Pro 锐龙版 16英寸电竞游戏本 笔记本电脑(R9-7940HX 16G 1T RTX4070 2.5K 165Hz 高色域)青,8799.0,2024-06-18,http://item.jd.com/100089737202.html
2024-06-08,8799.0,华硕天选5 Pro 锐龙版 16英寸电竞游戏本 笔记本电脑(R9-7940HX 16G 1T RTX4070 2.5K 165Hz 高色域)青,8799.0,2024-06-18,http://item.jd.com/100089737202.html
2024-06-09,8799.0,华硕天选5 Pro 锐龙版 16英寸电竞游戏本 笔记本电脑(R9-7940HX 16G 1T RTX4070 2.5K 165Hz 高色域)青,8799.0,2024-06-18,http://item.jd.com/100089737202.html
2024-06-09,8799.0,华硕天选5 Pro 锐龙版 16英寸电竞游戏本 笔记本电脑(R9-7940HX 16G 1T RTX4070 2.5K 165Hz 高色域)青,8799.0,2024-06-18,http://item.jd.com/100089737202.html
2024-06-10,8799.0,华硕天选5 Pro 锐龙版 16英寸电竞游戏本 笔记本电脑(R9-7940HX 16G 1T RTX4070 2.5K 165Hz 高色域)青,8799.0,2024-06-18,http://item.jd.com/100089737202.html
2024-06-10,8799.0,华硕天选5 Pro 锐龙版 16英寸电竞游戏本 笔记本电脑(R9-7940HX 16G 1T RTX4070 2.5K 165Hz 高色域)青,8799.0,2024-06-18,http://item.jd.com/100089737202.html
2024-06-11,8799.0,华硕天选5 Pro 锐龙版 16英寸电竞游戏本 笔记本电脑(R9-7940HX 16G 1T RTX4070 2.5K 165Hz 高色域)青,8799.0,2024-06-18,http://item.jd.com/100089737202.html
2024-06-11,8799.0,华硕天选5 Pro 锐龙版 16英寸电竞游戏本 笔记本电脑(R9-7940HX 16G 1T RTX4070 2.5K 165Hz 高色域)青,8799.0,2024-06-18,http://item.jd.com/100089737202.html
2024-06-12,8799.0,华硕天选5 Pro 锐龙版 16英寸电竞游戏本 笔记本电脑(R9-7940HX 16G 1T RTX4070 2.5K 165Hz 高色域)青,8799.0,2024-06-18,http://item.jd.com/100089737202.html
2024-06-12,8799.0,华硕天选5 Pro 锐龙版 16英寸电竞游戏本 笔记本电脑(R9-7940HX 16G 1T RTX4070 2.5K 165Hz 高色域)青,8799.0,2024-06-18,http://item.jd.com/100089737202.html
2024-06-13,8799.0,华硕天选5 Pro 锐龙版 16英寸电竞游戏本 笔记本电脑(R9-7940HX 16G 1T RTX4070 2.5K 165Hz 高色域)青,8799.0,2024-06-18,http://item.jd.com/100089737202.html
2024-06-13,8799.0,华硕天选5 Pro 锐龙版 16英寸电竞游戏本 笔记本电脑(R9-7940HX 16G 1T RTX4070 2.5K 165Hz 高色域)青,8799.0,2024-06-18,http://item.jd.com/100089737202.html
2024-06-14,8799.0,华硕天选5 Pro 锐龙版 16英寸电竞游戏本 笔记本电脑(R9-7940HX 16G 1T RTX4070 2.5K 165Hz 高色域)青,8799.0,2024-06-18,http://item.jd.com/100089737202.html
2024-06-14,8799.0,华硕天选5 Pro 锐龙版 16英寸电竞游戏本 笔记本电脑(R9-7940HX 16G 1T RTX4070 2.5K 165Hz 高色域)青,8799.0,2024-06-18,http://item.jd.com/100089737202.html
2024-06-15,8799.0,华硕天选5 Pro 锐龙版 16英寸电竞游戏本 笔记本电脑(R9-7940HX 16G 1T RTX4070 2.5K 165Hz 高色域)青,8799.0,2024-06-18,http://item.jd.com/100089737202.html
2024-06-15,8799.0,华硕天选5 Pro 锐龙版 16英寸电竞游戏本 笔记本电脑(R9-7940HX 16G 1T RTX4070 2.5K 165Hz 高色域)青,8799.0,2024-06-18,http://item.jd.com/100089737202.html
2024-06-16,8799.0,华硕天选5 Pro 锐龙版 16英寸电竞游戏本 笔记本电脑(R9-7940HX 16G 1T RTX4070 2.5K 165Hz 高色域)青,8799.0,2024-06-18,http://item.jd.com/100089737202.html
2024-06-16,8799.0,华硕天选5 Pro 锐龙版 16英寸电竞游戏本 笔记本电脑(R9-7940HX 16G 1T RTX4070 2.5K 165Hz 高色域)青,8799.0,2024-06-18,http://item.jd.com/100089737202.html
2024-06-17,8799.0,华硕天选5 Pro 锐龙版 16英寸电竞游戏本 笔记本电脑(R9-7940HX 16G 1T RTX4070 2.5K 165Hz 高色域)青,8799.0,2024-06-18,http://item.jd.com/100089737202.html
2024-06-17,8799.0,华硕天选5 Pro 锐龙版 16英寸电竞游戏本 笔记本电脑(R9-7940HX 16G 1T RTX4070 2.5K 165Hz 高色域)青,8799.0,2024-06-18,http://item.jd.com/100089737202.html
2024-06-18,8799.0,华硕天选5 Pro 锐龙版 16英寸电竞游戏本 笔记本电脑(R9-7940HX 16G 1T RTX4070 2.5K 165Hz 高色域)青,8799.0,2024-06-18,http://item.jd.com/100089737202.html
2024-06-18,8799.0,华硕天选5 Pro 锐龙版 16英寸电竞游戏本 笔记本电脑(R9-7940HX 16G 1T RTX4070 2.5K 165Hz 高色域)青,8799.0,2024-06-18,http://item.jd.com/100089737202.html
2024-06-19,8999.0,华硕天选5 Pro 锐龙版 16英寸电竞游戏本 笔记本电脑(R9-7940HX 16G 1T RTX4070 2.5K 165Hz 高色域)青,8799.0,2024-06-18,http://item.jd.com/100089737202.html
2024-06-19,8999.0,华硕天选5 Pro 锐龙版 16英寸电竞游戏本 笔记本电脑(R9-7940HX 16G 1T RTX4070 2.5K 165Hz 高色域)青,8799.0,2024-06-18,http://item.jd.com/100089737202.html
2024-06-20,8999.0,华硕天选5 Pro 锐龙版 16英寸电竞游戏本 笔记本电脑(R9-7940HX 16G 1T RTX4070 2.5K 165Hz 高色域)青,8799.0,2024-06-18,http://item.jd.com/100089737202.html
2024-06-20,8999.0,华硕天选5 Pro 锐龙版 16英寸电竞游戏本 笔记本电脑(R9-7940HX 16G 1T RTX4070 2.5K 165Hz 高色域)青,8799.0,2024-06-18,http://item.jd.com/100089737202.html
2024-06-21,8999.0,华硕天选5 Pro 锐龙版 16英寸电竞游戏本 笔记本电脑(R9-7940HX 16G 1T RTX4070 2.5K 165Hz 高色域)青,8799.0,2024-06-18,http://item.jd.com/100089737202.html
2024-06-21,8999.0,华硕天选5 Pro 锐龙版 16英寸电竞游戏本 笔记本电脑(R9-7940HX 16G 1T RTX4070 2.5K 165Hz 高色域)青,8799.0,2024-06-18,http://item.jd.com/100089737202.html
2024-06-22,8999.0,华硕天选5 Pro 锐龙版 16英寸电竞游戏本 笔记本电脑(R9-7940HX 16G 1T RTX4070 2.5K 165Hz 高色域)青,8799.0,2024-06-18,http://item.jd.com/100089737202.html
2024-06-22,8999.0,华硕天选5 Pro 锐龙版 16英寸电竞游戏本 笔记本电脑(R9-7940HX 16G 1T RTX4070 2.5K 165Hz 高色域)青,8799.0,2024-06-18,http://item.jd.com/100089737202.html
2024-06-23,8999.0,华硕天选5 Pro 锐龙版 16英寸电竞游戏本 笔记本电脑(R9-7940HX 16G 1T RTX4070 2.5K 165Hz 高色域)青,8799.0,2024-06-18,http://item.jd.com/100089737202.html
2024-06-23,8999.0,华硕天选5 Pro 锐龙版 16英寸电竞游戏本 笔记本电脑(R9-7940HX 16G 1T RTX4070 2.5K 165Hz 高色域)青,8799.0,2024-06-18,http://item.jd.com/100089737202.html
2024-06-24,8999.0,华硕天选5 Pro 锐龙版 16英寸电竞游戏本 笔记本电脑(R9-7940HX 16G 1T RTX4070 2.5K 165Hz 高色域)青,8799.0,2024-06-18,http://item.jd.com/100089737202.html
2024-06-24,8999.0,华硕天选5 Pro 锐龙版 16英寸电竞游戏本 笔记本电脑(R9-7940HX 16G 1T RTX4070 2.5K 165Hz 高色域)青,8799.0,2024-06-18,http://item.jd.com/100089737202.html
2024-06-25,8999.0,华硕天选5 Pro 锐龙版 16英寸电竞游戏本 笔记本电脑(R9-7940HX 16G 1T RTX4070 2.5K 165Hz 高色域)青,8799.0,2024-06-18,http://item.jd.com/100089737202.html
2024-06-25,8999.0,华硕天选5 Pro 锐龙版 16英寸电竞游戏本 笔记本电脑(R9-7940HX 16G 1T RTX4070 2.5K 165Hz 高色域)青,8799.0,2024-06-18,http://item.jd.com/100089737202.html
2024-06-26,8999.0,华硕天选5 Pro 锐龙版 16英寸电竞游戏本 笔记本电脑(R9-7940HX 16G 1T RTX4070 2.5K 165Hz 高色域)青,8799.0,2024-06-18,http://item.jd.com/100089737202.html
2024-06-26,8999.0,华硕天选5 Pro 锐龙版 16英寸电竞游戏本 笔记本电脑(R9-7940HX 16G 1T RTX4070 2.5K 165Hz 高色域)青,8799.0,2024-06-18,http://item.jd.com/100089737202.html
2024-06-27,8999.0,华硕天选5 Pro 锐龙版 16英寸电竞游戏本 笔记本电脑(R9-7940HX 16G 1T RTX4070 2.5K 165Hz 高色域)青,8799.0,2024-06-18,http://item.jd.com/100089737202.html
2024-06-27,8999.0,华硕天选5 Pro 锐龙版 16英寸电竞游戏本 笔记本电脑(R9-7940HX 16G 1T RTX4070 2.5K 165Hz 高色域)青,8799.0,2024-06-18,http://item.jd.com/100089737202.html
2024-06-28,9299.0,华硕天选5 Pro 锐龙版 16英寸电竞游戏本 笔记本电脑(R9-7940HX 16G 1T RTX4070 2.5K 165Hz 高色域)青,8799.0,2024-06-18,http://item.jd.com/100089737202.html
2024-06-28,9299.0,华硕天选5 Pro 锐龙版 16英寸电竞游戏本 笔记本电脑(R9-7940HX 16G 1T RTX4070 2.5K 165Hz 高色域)青,8799.0,2024-06-18,http://item.jd.com/100089737202.html
2024-06-29,9288.0,华硕天选5 Pro 锐龙版 16英寸电竞游戏本 笔记本电脑(R9-7940HX 16G 1T RTX4070 2.5K 165Hz 高色域)青,8799.0,2024-06-18,http://item.jd.com/100089737202.html
2024-06-29,9288.0,华硕天选5 Pro 锐龙版 16英寸电竞游戏本 笔记本电脑(R9-7940HX 16G 1T RTX4070 2.5K 165Hz 高色域)青,8799.0,2024-06-18,http://item.jd.com/100089737202.html
2024-06-30,9288.0,华硕天选5 Pro 锐龙版 16英寸电竞游戏本 笔记本电脑(R9-7940HX 16G 1T RTX4070 2.5K 165Hz 高色域)青,8799.0,2024-06-18,http://item.jd.com/100089737202.html
2024-06-30,9288.0,华硕天选5 Pro 锐龙版 16英寸电竞游戏本 笔记本电脑(R9-7940HX 16G 1T RTX4070 2.5K 165Hz 高色域)青,8799.0,2024-06-18,http://item.jd.com/100089737202.html
2024-07-01,8999.0,华硕天选5 Pro 锐龙版 16英寸电竞游戏本 笔记本电脑(R9-7940HX 16G 1T RTX4070 2.5K 165Hz 高色域)青,8799.0,2024-06-18,http://item.jd.com/100089737202.html
2024-07-01,8999.0,华硕天选5 Pro 锐龙版 16英寸电竞游戏本 笔记本电脑(R9-7940HX 16G 1T RTX4070 2.5K 165Hz 高色域)青,8799.0,2024-06-18,http://item.jd.com/100089737202.html
2024-07-02,8999.0,华硕天选5 Pro 锐龙版 16英寸电竞游戏本 笔记本电脑(R9-7940HX 16G 1T RTX4070 2.5K 165Hz 高色域)青,8799.0,2024-06-18,http://item.jd.com/100089737202.html
2024-07-02,8999.0,华硕天选5 Pro 锐龙版 16英寸电竞游戏本 笔记本电脑(R9-7940HX 16G 1T RTX4070 2.5K 165Hz 高色域)青,8799.0,2024-06-18,http://item.jd.com/100089737202.html
2024-07-03,8999.0,华硕天选5 Pro 锐龙版 16英寸电竞游戏本 笔记本电脑(R9-7940HX 16G 1T RTX4070 2.5K 165Hz 高色域)青,8799.0,2024-06-18,http://item.jd.com/100089737202.html
2024-07-03,8999.0,华硕天选5 Pro 锐龙版 16英寸电竞游戏本 笔记本电脑(R9-7940HX 16G 1T RTX4070 2.5K 165Hz 高色域)青,8799.0,2024-06-18,http://item.jd.com/100089737202.html
2024-07-04,8999.0,华硕天选5 Pro 锐龙版 16英寸电竞游戏本 笔记本电脑(R9-7940HX 16G 1T RTX4070 2.5K 165Hz 高色域)青,8799.0,2024-06-18,http://item.jd.com/100089737202.html
2024-07-04,8999.0,华硕天选5 Pro 锐龙版 16英寸电竞游戏本 笔记本电脑(R9-7940HX 16G 1T RTX4070 2.5K 165Hz 高色域)青,8799.0,2024-06-18,http://item.jd.com/100089737202.html
2024-07-05,8999.0,华硕天选5 Pro 锐龙版 16英寸电竞游戏本 笔记本电脑(R9-7940HX 16G 1T RTX4070 2.5K 165Hz 高色域)青,8799.0,2024-06-18,http://item.jd.com/100089737202.html
2024-07-05,8999.0,华硕天选5 Pro 锐龙版 16英寸电竞游戏本 笔记本电脑(R9-7940HX 16G 1T RTX4070 2.5K 165Hz 高色域)青,8799.0,2024-06-18,http://item.jd.com/100089737202.html
2024-07-06,8999.0,华硕天选5 Pro 锐龙版 16英寸电竞游戏本 笔记本电脑(R9-7940HX 16G 1T RTX4070 2.5K 165Hz 高色域)青,8799.0,2024-06-18,http://item.jd.com/100089737202.html
2024-07-06,8999.0,华硕天选5 Pro 锐龙版 16英寸电竞游戏本 笔记本电脑(R9-7940HX 16G 1T RTX4070 2.5K 165Hz 高色域)青,8799.0,2024-06-18,http://item.jd.com/100089737202.html
2024-07-07,8999.0,华硕天选5 Pro 锐龙版 16英寸电竞游戏本 笔记本电脑(R9-7940HX 16G 1T RTX4070 2.5K 165Hz 高色域)青,8799.0,2024-06-18,http://item.jd.com/100089737202.html
2024-07-07,8999.0,华硕天选5 Pro 锐龙版 16英寸电竞游戏本 笔记本电脑(R9-7940HX 16G 1T RTX4070 2.5K 165Hz 高色域)青,8799.0,2024-06-18,http://item.jd.com/100089737202.html
2024-07-08,8999.0,华硕天选5 Pro 锐龙版 16英寸电竞游戏本 笔记本电脑(R9-7940HX 16G 1T RTX4070 2.5K 165Hz 高色域)青,8799.0,2024-06-18,http://item.jd.com/100089737202.html
2024-07-08,8999.0,华硕天选5 Pro 锐龙版 16英寸电竞游戏本 笔记本电脑(R9-7940HX 16G 1T RTX4070 2.5K 165Hz 高色域)青,8799.0,2024-06-18,http://item.jd.com/100089737202.html
2024-07-09,8999.0,华硕天选5 Pro 锐龙版 16英寸电竞游戏本 笔记本电脑(R9-7940HX 16G 1T RTX4070 2.5K 165Hz 高色域)青,8799.0,2024-06-18,http://item.jd.com/100089737202.html
2024-07-09,8999.0,华硕天选5 Pro 锐龙版 16英寸电竞游戏本 笔记本电脑(R9-7940HX 16G 1T RTX4070 2.5K 165Hz 高色域)青,8799.0,2024-06-18,http://item.jd.com/100089737202.html
2024-07-10,8999.0,华硕天选5 Pro 锐龙版 16英寸电竞游戏本 笔记本电脑(R9-7940HX 16G 1T RTX4070 2.5K 165Hz 高色域)青,8799.0,2024-06-18,http://item.jd.com/100089737202.html
2024-07-10,8999.0,华硕天选5 Pro 锐龙版 16英寸电竞游戏本 笔记本电脑(R9-7940HX 16G 1T RTX4070 2.5K 165Hz 高色域)青,8799.0,2024-06-18,http://item.jd.com/100089737202.html
2024-07-11,8999.0,华硕天选5 Pro 锐龙版 16英寸电竞游戏本 笔记本电脑(R9-7940HX 16G 1T RTX4070 2.5K 165Hz 高色域)青,8799.0,2024-06-18,http://item.jd.com/100089737202.html
2024-07-11,8999.0,华硕天选5 Pro 锐龙版 16英寸电竞游戏本 笔记本电脑(R9-7940HX 16G 1T RTX4070 2.5K 165Hz 高色域)青,8799.0,2024-06-18,http://item.jd.com/100089737202.html
2024-07-12,8999.0,华硕天选5 Pro 锐龙版 16英寸电竞游戏本 笔记本电脑(R9-7940HX 16G 1T RTX4070 2.5K 165Hz 高色域)青,8799.0,2024-06-18,http://item.jd.com/100089737202.html
2024-07-12,8999.0,华硕天选5 Pro 锐龙版 16英寸电竞游戏本 笔记本电脑(R9-7940HX 16G 1T RTX4070 2.5K 165Hz 高色域)青,8799.0,2024-06-18,http://item.jd.com/100089737202.html
2024-07-13,8999.0,华硕天选5 Pro 锐龙版 16英寸电竞游戏本 笔记本电脑(R9-7940HX 16G 1T RTX4070 2.5K 165Hz 高色域)青,8799.0,2024-06-18,http://item.jd.com/100089737202.html
2024-07-13,8999.0,华硕天选5 Pro 锐龙版 16英寸电竞游戏本 笔记本电脑(R9-7940HX 16G 1T RTX4070 2.5K 165Hz 高色域)青,8799.0,2024-06-18,http://item.jd.com/100089737202.html
2024-07-14,8999.0,华硕天选5 Pro 锐龙版 16英寸电竞游戏本 笔记本电脑(R9-7940HX 16G 1T RTX4070 2.5K 165Hz 高色域)青,8799.0,2024-06-18,http://item.jd.com/100089737202.html
2024-07-14,8999.0,华硕天选5 Pro 锐龙版 16英寸电竞游戏本 笔记本电脑(R9-7940HX 16G 1T RTX4070 2.5K 165Hz 高色域)青,8799.0,2024-06-18,http://item.jd.com/100089737202.html
2024-07-15,8999.0,华硕天选5 Pro 锐龙版 16英寸电竞游戏本 笔记本电脑(R9-7940HX 16G 1T RTX4070 2.5K 165Hz 高色域)青,8799.0,2024-06-18,http://item.jd.com/100089737202.html
2024-07-15,8999.0,华硕天选5 Pro 锐龙版 16英寸电竞游戏本 笔记本电脑(R9-7940HX 16G 1T RTX4070 2.5K 165Hz 高色域)青,8799.0,2024-06-18,http://item.jd.com/100089737202.html
2024-07-16,8999.0,华硕天选5 Pro 锐龙版 16英寸电竞游戏本 笔记本电脑(R9-7940HX 16G 1T RTX4070 2.5K 165Hz 高色域)青,8799.0,2024-06-18,http://item.jd.com/100089737202.html
2024-07-16,8999.0,华硕天选5 Pro 锐龙版 16英寸电竞游戏本 笔记本电脑(R9-7940HX 16G 1T RTX4070 2.5K 165Hz 高色域)青,8799.0,2024-06-18,http://item.jd.com/100089737202.html
2024-07-17,8999.0,华硕天选5 Pro 锐龙版 16英寸电竞游戏本 笔记本电脑(R9-7940HX 16G 1T RTX4070 2.5K 165Hz 高色域)青,8799.0,2024-06-18,http://item.jd.com/100089737202.html
2024-07-17,8999.0,华硕天选5 Pro 锐龙版 16英寸电竞游戏本 笔记本电脑(R9-7940HX 16G 1T RTX4070 2.5K 165Hz 高色域)青,8799.0,2024-06-18,http://item.jd.com/100089737202.html
2024-07-18,8999.0,华硕天选5 Pro 锐龙版 16英寸电竞游戏本 笔记本电脑(R9-7940HX 16G 1T RTX4070 2.5K 165Hz 高色域)青,8799.0,2024-06-18,http://item.jd.com/100089737202.html
2024-07-18,8999.0,华硕天选5 Pro 锐龙版 16英寸电竞游戏本 笔记本电脑(R9-7940HX 16G 1T RTX4070 2.5K 165Hz 高色域)青,8799.0,2024-06-18,http://item.jd.com/100089737202.html
2024-07-19,8999.0,华硕天选5 Pro 锐龙版 16英寸电竞游戏本 笔记本电脑(R9-7940HX 16G 1T RTX4070 2.5K 165Hz 高色域)青,8799.0,2024-06-18,http://item.jd.com/100089737202.html
2024-07-19,8999.0,华硕天选5 Pro 锐龙版 16英寸电竞游戏本 笔记本电脑(R9-7940HX 16G 1T RTX4070 2.5K 165Hz 高色域)青,8799.0,2024-06-18,http://item.jd.com/100089737202.html
2024-07-20,8999.0,华硕天选5 Pro 锐龙版 16英寸电竞游戏本 笔记本电脑(R9-7940HX 16G 1T RTX4070 2.5K 165Hz 高色域)青,8799.0,2024-06-18,http://item.jd.com/100089737202.html
2024-07-20,8999.0,华硕天选5 Pro 锐龙版 16英寸电竞游戏本 笔记本电脑(R9-7940HX 16G 1T RTX4070 2.5K 165Hz 高色域)青,8799.0,2024-06-18,http://item.jd.com/100089737202.html
2024-07-21,8999.0,华硕天选5 Pro 锐龙版 16英寸电竞游戏本 笔记本电脑(R9-7940HX 16G 1T RTX4070 2.5K 165Hz 高色域)青,8799.0,2024-06-18,http://item.jd.com/100089737202.html
2024-07-21,8999.0,华硕天选5 Pro 锐龙版 16英寸电竞游戏本 笔记本电脑(R9-7940HX 16G 1T RTX4070 2.5K 165Hz 高色域)青,8799.0,2024-06-18,http://item.jd.com/100089737202.html
2024-07-22,8999.0,华硕天选5 Pro 锐龙版 16英寸电竞游戏本 笔记本电脑(R9-7940HX 16G 1T RTX4070 2.5K 165Hz 高色域)青,8799.0,2024-06-18,http://item.jd.com/100089737202.html
2024-07-22,8999.0,华硕天选5 Pro 锐龙版 16英寸电竞游戏本 笔记本电脑(R9-7940HX 16G 1T RTX4070 2.5K 165Hz 高色域)青,8799.0,2024-06-18,http://item.jd.com/100089737202.html
2024-07-23,8999.0,华硕天选5 Pro 锐龙版 16英寸电竞游戏本 笔记本电脑(R9-7940HX 16G 1T RTX4070 2.5K 165Hz 高色域)青,8799.0,2024-06-18,http://item.jd.com/100089737202.html
2024-07-23,8999.0,华硕天选5 Pro 锐龙版 16英寸电竞游戏本 笔记本电脑(R9-7940HX 16G 1T RTX4070 2.5K 165Hz 高色域)青,8799.0,2024-06-18,http://item.jd.com/100089737202.html
2024-07-24,8999.0,华硕天选5 Pro 锐龙版 16英寸电竞游戏本 笔记本电脑(R9-7940HX 16G 1T RTX4070 2.5K 165Hz 高色域)青,8799.0,2024-06-18,http://item.jd.com/100089737202.html
2024-07-24,8999.0,华硕天选5 Pro 锐龙版 16英寸电竞游戏本 笔记本电脑(R9-7940HX 16G 1T RTX4070 2.5K 165Hz 高色域)青,8799.0,2024-06-18,http://item.jd.com/100089737202.html
2024-07-25,8999.0,华硕天选5 Pro 锐龙版 16英寸电竞游戏本 笔记本电脑(R9-7940HX 16G 1T RTX4070 2.5K 165Hz 高色域)青,8799.0,2024-06-18,http://item.jd.com/100089737202.html
2024-07-25,8999.0,华硕天选5 Pro 锐龙版 16英寸电竞游戏本 笔记本电脑(R9-7940HX 16G 1T RTX4070 2.5K 165Hz 高色域)青,8799.0,2024-06-18,http://item.jd.com/100089737202.html
2024-07-26,8999.0,华硕天选5 Pro 锐龙版 16英寸电竞游戏本 笔记本电脑(R9-7940HX 16G 1T RTX4070 2.5K 165Hz 高色域)青,8799.0,2024-06-18,http://item.jd.com/100089737202.html
2024-07-26,8999.0,华硕天选5 Pro 锐龙版 16英寸电竞游戏本 笔记本电脑(R9-7940HX 16G 1T RTX4070 2.5K 165Hz 高色域)青,8799.0,2024-06-18,http://item.jd.com/100089737202.html
2024-07-27,8999.0,华硕天选5 Pro 锐龙版 16英寸电竞游戏本 笔记本电脑(R9-7940HX 16G 1T RTX4070 2.5K 165Hz 高色域)青,8799.0,2024-06-18,http://item.jd.com/100089737202.html
2024-07-27,8999.0,华硕天选5 Pro 锐龙版 16英寸电竞游戏本 笔记本电脑(R9-7940HX 16G 1T RTX4070 2.5K 165Hz 高色域)青,8799.0,2024-06-18,http://item.jd.com/100089737202.html
2024-07-28,8999.0,华硕天选5 Pro 锐龙版 16英寸电竞游戏本 笔记本电脑(R9-7940HX 16G 1T RTX4070 2.5K 165Hz 高色域)青,8799.0,2024-06-18,http://item.jd.com/100089737202.html
2024-07-28,8999.0,华硕天选5 Pro 锐龙版 16英寸电竞游戏本 笔记本电脑(R9-7940HX 16G 1T RTX4070 2.5K 165Hz 高色域)青,8799.0,2024-06-18,http://item.jd.com/100089737202.html
2024-07-29,8999.0,华硕天选5 Pro 锐龙版 16英寸电竞游戏本 笔记本电脑(R9-7940HX 16G 1T RTX4070 2.5K 165Hz 高色域)青,8799.0,2024-06-18,http://item.jd.com/100089737202.html
2024-07-29,8999.0,华硕天选5 Pro 锐龙版 16英寸电竞游戏本 笔记本电脑(R9-7940HX 16G 1T RTX4070 2.5K 165Hz 高色域)青,8799.0,2024-06-18,http://item.jd.com/100089737202.html
2024-07-30,8999.0,华硕天选5 Pro 锐龙版 16英寸电竞游戏本 笔记本电脑(R9-7940HX 16G 1T RTX4070 2.5K 165Hz 高色域)青,8799.0,2024-06-18,http://item.jd.com/100089737202.html
2024-07-29,8999.0,华硕天选5 Pro 锐龙版 16英寸电竞游戏本 笔记本电脑(R9-7940HX 16G 1T RTX4070 2.5K 165Hz 高色域)青,8799.0,2024-06-18,http://item.jd.com/100089737202.html
2024-07-30,8999.0,华硕天选5 Pro 锐龙版 16英寸电竞游戏本 笔记本电脑(R9-7940HX 16G 1T RTX4070 2.5K 165Hz 高色域)青,8799.0,2024-06-18,http://item.jd.com/100089737202.html
2024-07-31,8999.0,华硕天选5 Pro 锐龙版 16英寸电竞游戏本 笔记本电脑(R9-7940HX 16G 1T RTX4070 2.5K 165Hz 高色域)青,8799.0,2024-06-18,http://item.jd.com/100089737202.html
2024-08-01,8999.0,华硕天选5 Pro 锐龙版 16英寸电竞游戏本 笔记本电脑(R9-7940HX 16G 1T RTX4070 2.5K 165Hz 高色域)青,8799.0,2024-06-18,http://item.jd.com/100089737202.html
2024-08-01,8999.0,华硕天选5 Pro 锐龙版 16英寸电竞游戏本 笔记本电脑(R9-7940HX 16G 1T RTX4070 2.5K 165Hz 高色域)青,8799.0,2024-06-18,http://item.jd.com/100089737202.html
2024-08-02,8999.0,华硕天选5 Pro 锐龙版 16英寸电竞游戏本 笔记本电脑(R9-7940HX 16G 1T RTX4070 2.5K 165Hz 高色域)青,8799.0,2024-06-18,http://item.jd.com/100089737202.html
2024-08-02,8999.0,华硕天选5 Pro 锐龙版 16英寸电竞游戏本 笔记本电脑(R9-7940HX 16G 1T RTX4070 2.5K 165Hz 高色域)青,8799.0,2024-06-18,http://item.jd.com/100089737202.html
2024-08-03,8999.0,华硕天选5 Pro 锐龙版 16英寸电竞游戏本 笔记本电脑(R9-7940HX 16G 1T RTX4070 2.5K 165Hz 高色域)青,8799.0,2024-06-18,http://item.jd.com/100089737202.html
2024-08-03,8999.0,华硕天选5 Pro 锐龙版 16英寸电竞游戏本 笔记本电脑(R9-7940HX 16G 1T RTX4070 2.5K 165Hz 高色域)青,8799.0,2024-06-18,http://item.jd.com/100089737202.html
2024-08-04,8999.0,华硕天选5 Pro 锐龙版 16英寸电竞游戏本 笔记本电脑(R9-7940HX 16G 1T RTX4070 2.5K 165Hz 高色域)青,8799.0,2024-06-18,http://item.jd.com/100089737202.html
2024-08-04,8999.0,华硕天选5 Pro 锐龙版 16英寸电竞游戏本 笔记本电脑(R9-7940HX 16G 1T RTX4070 2.5K 165Hz 高色域)青,8799.0,2024-06-18,http://item.jd.com/100089737202.html
2024-08-05,9999.0,华硕天选5 Pro 锐龙版 16英寸电竞游戏本 笔记本电脑(R9-7940HX 16G 1T RTX4070 2.5K 165Hz 高色域)青,8799.0,2024-06-18,http://item.jd.com/100089737202.html
2024-08-05,9999.0,华硕天选5 Pro 锐龙版 16英寸电竞游戏本 笔记本电脑(R9-7940HX 16G 1T RTX4070 2.5K 165Hz 高色域)青,8799.0,2024-06-18,http://item.jd.com/100089737202.html
2024-08-06,9999.0,华硕天选5 Pro 锐龙版 16英寸电竞游戏本 笔记本电脑(R9-7940HX 16G 1T RTX4070 2.5K 165Hz 高色域)青,8799.0,2024-06-18,http://item.jd.com/100089737202.html
2024-08-07,9999.0,华硕天选5 Pro 锐龙版 16英寸电竞游戏本 笔记本电脑(R9-7940HX 16G 1T RTX4070 2.5K 165Hz 高色域)青,8799.0,2024-06-18,http://item.jd.com/100089737202.html
2024-08-08,9999.0,华硕天选5 Pro 锐龙版 16英寸电竞游戏本 笔记本电脑(R9-7940HX 16G 1T RTX4070 2.5K 165Hz 高色域)青,8799.0,2024-06-18,http://item.jd.com/100089737202.html
2024-08-08,9999.0,华硕天选5 Pro 锐龙版 16英寸电竞游戏本 笔记本电脑(R9-7940HX 16G 1T RTX4070 2.5K 165Hz 高色域)青,8799.0,2024-06-18,http://item.jd.com/100089737202.html
2024-08-09,9999.0,华硕天选5 Pro 锐龙版 16英寸电竞游戏本 笔记本电脑(R9-7940HX 16G 1T RTX4070 2.5K 165Hz 高色域)青,8799.0,2024-06-18,http://item.jd.com/100089737202.html
2024-08-09,9999.0,华硕天选5 Pro 锐龙版 16英寸电竞游戏本 笔记本电脑(R9-7940HX 16G 1T RTX4070 2.5K 165Hz 高色域)青,8799.0,2024-06-18,http://item.jd.com/100089737202.html
2024-08-10,9999.0,华硕天选5 Pro 锐龙版 16英寸电竞游戏本 笔记本电脑(R9-7940HX 16G 1T RTX4070 2.5K 165Hz 高色域)青,8799.0,2024-06-18,http://item.jd.com/100089737202.html
2024-08-10,9999.0,华硕天选5 Pro 锐龙版 16英寸电竞游戏本 笔记本电脑(R9-7940HX 16G 1T RTX4070 2.5K 165Hz 高色域)青,8799.0,2024-06-18,http://item.jd.com/100089737202.html
2024-08-11,9999.0,华硕天选5 Pro 锐龙版 16英寸电竞游戏本 笔记本电脑(R9-7940HX 16G 1T RTX4070 2.5K 165Hz 高色域)青,8799.0,2024-06-18,http://item.jd.com/100089737202.html
2024-08-11,9999.0,华硕天选5 Pro 锐龙版 16英寸电竞游戏本 笔记本电脑(R9-7940HX 16G 1T RTX4070 2.5K 165Hz 高色域)青,8799.0,2024-06-18,http://item.jd.com/100089737202.html
2024-08-12,9999.0,华硕天选5 Pro 锐龙版 16英寸电竞游戏本 笔记本电脑(R9-7940HX 16G 1T RTX4070 2.5K 165Hz 高色域)青,8799.0,2024-06-18,http://item.jd.com/100089737202.html
2024-08-12,9999.0,华硕天选5 Pro 锐龙版 16英寸电竞游戏本 笔记本电脑(R9-7940HX 16G 1T RTX4070 2.5K 165Hz 高色域)青,8799.0,2024-06-18,http://item.jd.com/100089737202.html
2024-08-13,9999.0,华硕天选5 Pro 锐龙版 16英寸电竞游戏本 笔记本电脑(R9-7940HX 16G 1T RTX4070 2.5K 165Hz 高色域)青,8799.0,2024-06-18,http://item.jd.com/100089737202.html
2024-08-13,9999.0,华硕天选5 Pro 锐龙版 16英寸电竞游戏本 笔记本电脑(R9-7940HX 16G 1T RTX4070 2.5K 165Hz 高色域)青,8799.0,2024-06-18,http://item.jd.com/100089737202.html
2024-08-14,9999.0,华硕天选5 Pro 锐龙版 16英寸电竞游戏本 笔记本电脑(R9-7940HX 16G 1T RTX4070 2.5K 165Hz 高色域)青,8799.0,2024-06-18,http://item.jd.com/100089737202.html
2024-08-15,9999.0,华硕天选5 Pro 锐龙版 16英寸电竞游戏本 笔记本电脑(R9-7940HX 16G 1T RTX4070 2.5K 165Hz 高色域)青,8799.0,2024-06-18,http://item.jd.com/100089737202.html
2024-08-16,9999.0,华硕天选5 Pro 锐龙版 16英寸电竞游戏本 笔记本电脑(R9-7940HX 16G 1T RTX4070 2.5K 165Hz 高色域)青,8799.0,2024-06-18,http://item.jd.com/100089737202.html
2024-08-16,9999.0,华硕天选5 Pro 锐龙版 16英寸电竞游戏本 笔记本电脑(R9-7940HX 16G 1T RTX4070 2.5K 165Hz 高色域)青,8799.0,2024-06-18,http://item.jd.com/100089737202.html
2024-08-17,9999.0,华硕天选5 Pro 锐龙版 16英寸电竞游戏本 笔记本电脑(R9-7940HX 16G 1T RTX4070 2.5K 165Hz 高色域)青,8799.0,2024-06-18,http://item.jd.com/100089737202.html
2024-08-18,9999.0,华硕天选5 Pro 锐龙版 16英寸电竞游戏本 笔记本电脑(R9-7940HX 16G 1T RTX4070 2.5K 165Hz 高色域)青,8799.0,2024-06-18,http://item.jd.com/100089737202.html
2024-08-19,9999.0,华硕天选5 Pro 锐龙版 16英寸电竞游戏本 笔记本电脑(R9-7940HX 16G 1T RTX4070 2.5K 165Hz 高色域)青,8799.0,2024-06-18,http://item.jd.com/100089737202.html
2024-08-19,9999.0,华硕天选5 Pro 锐龙版 16英寸电竞游戏本 笔记本电脑(R9-7940HX 16G 1T RTX4070 2.5K 165Hz 高色域)青,8799.0,2024-06-18,http://item.jd.com/100089737202.html
2024-08-20,9999.0,华硕天选5 Pro 锐龙版 16英寸电竞游戏本 笔记本电脑(R9-7940HX 16G 1T RTX4070 2.5K 165Hz 高色域)青,8799.0,2024-06-18,http://item.jd.com/100089737202.html
2024-08-20,9999.0,华硕天选5 Pro 锐龙版 16英寸电竞游戏本 笔记本电脑(R9-7940HX 16G 1T RTX4070 2.5K 165Hz 高色域)青,8799.0,2024-06-18,http://item.jd.com/100089737202.html
2024-08-21,9999.0,华硕天选5 Pro 锐龙版 16英寸电竞游戏本 笔记本电脑(R9-7940HX 16G 1T RTX4070 2.5K 165Hz 高色域)青,8799.0,2024-06-18,http://item.jd.com/100089737202.html
2024-08-21,9999.0,华硕天选5 Pro 锐龙版 16英寸电竞游戏本 笔记本电脑(R9-7940HX 16G 1T RTX4070 2.5K 165Hz 高色域)青,8799.0,2024-06-18,http://item.jd.com/100089737202.html
2024-08-22,9999.0,华硕天选5 Pro 锐龙版 16英寸电竞游戏本 笔记本电脑(R9-7940HX 16G 1T RTX4070 2.5K 165Hz 高色域)青,8799.0,2024-06-18,http://item.jd.com/100089737202.html
2024-08-23,9999.0,华硕天选5 Pro 锐龙版 16英寸电竞游戏本 笔记本电脑(R9-7940HX 16G 1T RTX4070 2.5K 165Hz 高色域)青,8799.0,2024-06-18,http://item.jd.com/100089737202.html
2024-08-24,9999.0,华硕天选5 Pro 锐龙版 16英寸电竞游戏本 笔记本电脑(R9-7940HX 16G 1T RTX4070 2.5K 165Hz 高色域)青,8799.0,2024-06-18,http://item.jd.com/100089737202.html
2024-08-24,9999.0,华硕天选5 Pro 锐龙版 16英寸电竞游戏本 笔记本电脑(R9-7940HX 16G 1T RTX4070 2.5K 165Hz 高色域)青,8799.0,2024-06-18,http://item.jd.com/100089737202.html
2024-08-25,9999.0,华硕天选5 Pro 锐龙版 16英寸电竞游戏本 笔记本电脑(R9-7940HX 16G 1T RTX4070 2.5K 165Hz 高色域)青,8799.0,2024-06-18,http://item.jd.com/100089737202.html
2024-08-25,9999.0,华硕天选5 Pro 锐龙版 16英寸电竞游戏本 笔记本电脑(R9-7940HX 16G 1T RTX4070 2.5K 165Hz 高色域)青,8799.0,2024-06-18,http://item.jd.com/100089737202.html
2024-08-26,9999.0,华硕天选5 Pro 锐龙版 16英寸电竞游戏本 笔记本电脑(R9-7940HX 16G 1T RTX4070 2.5K 165Hz 高色域)青,8799.0,2024-06-18,http://item.jd.com/100089737202.html
2024-08-26,9999.0,华硕天选5 Pro 锐龙版 16英寸电竞游戏本 笔记本电脑(R9-7940HX 16G 1T RTX4070 2.5K 165Hz 高色域)青,8799.0,2024-06-18,http://item.jd.com/100089737202.html
2024-08-27,9999.0,华硕天选5 Pro 锐龙版 16英寸电竞游戏本 笔记本电脑(R9-7940HX 16G 1T RTX4070 2.5K 165Hz 高色域)青,8799.0,2024-06-18,http://item.jd.com/100089737202.html
2024-08-28,9999.0,华硕天选5 Pro 锐龙版 16英寸电竞游戏本 笔记本电脑(R9-7940HX 16G 1T RTX4070 2.5K 165Hz 高色域)青,8799.0,2024-06-18,http://item.jd.com/100089737202.html
2024-08-29,9999.0,华硕天选5 Pro 锐龙版 16英寸电竞游戏本 笔记本电脑(R9-7940HX 16G 1T RTX4070 2.5K 165Hz 高色域)青,8799.0,2024-06-18,http://item.jd.com/100089737202.html
2024-08-29,9999.0,华硕天选5 Pro 锐龙版 16英寸电竞游戏本 笔记本电脑(R9-7940HX 16G 1T RTX4070 2.5K 165Hz 高色域)青,8799.0,2024-06-18,http://item.jd.com/100089737202.html
2024-08-30,8999.0,华硕天选5 Pro 锐龙版 16英寸电竞游戏本 笔记本电脑(R9-7940HX 16G 1T RTX4070 2.5K 165Hz 高色域)青,8799.0,2024-06-18,http://item.jd.com/100089737202.html
2024-08-30,8999.0,华硕天选5 Pro 锐龙版 16英寸电竞游戏本 笔记本电脑(R9-7940HX 16G 1T RTX4070 2.5K 165Hz 高色域)青,8799.0,2024-06-18,http://item.jd.com/100089737202.html
2024-08-31,9999.0,华硕天选5 Pro 锐龙版 16英寸电竞游戏本 笔记本电脑(R9-7940HX 16G 1T RTX4070 2.5K 165Hz 高色域)青,8799.0,2024-06-18,http://item.jd.com/100089737202.html
2024-08-31,9999.0,华硕天选5 Pro 锐龙版 16英寸电竞游戏本 笔记本电脑(R9-7940HX 16G 1T RTX4070 2.5K 165Hz 高色域)青,8799.0,2024-06-18,http://item.jd.com/100089737202.html
2024-09-01,9999.0,华硕天选5 Pro 锐龙版 16英寸电竞游戏本 笔记本电脑(R9-7940HX 16G 1T RTX4070 2.5K 165Hz 高色域)青,8799.0,2024-06-18,http://item.jd.com/100089737202.html
2024-09-01,9999.0,华硕天选5 Pro 锐龙版 16英寸电竞游戏本 笔记本电脑(R9-7940HX 16G 1T RTX4070 2.5K 165Hz 高色域)青,8799.0,2024-06-18,http://item.jd.com/100089737202.html
2024-09-02,9999.0,华硕天选5 Pro 锐龙版 16英寸电竞游戏本 笔记本电脑(R9-7940HX 16G 1T RTX4070 2.5K 165Hz 高色域)青,8799.0,2024-06-18,http://item.jd.com/100089737202.html
2024-09-02,9999.0,华硕天选5 Pro 锐龙版 16英寸电竞游戏本 笔记本电脑(R9-7940HX 16G 1T RTX4070 2.5K 165Hz 高色域)青,8799.0,2024-06-18,http://item.jd.com/100089737202.html
2024-09-03,9999.0,华硕天选5 Pro 锐龙版 16英寸电竞游戏本 笔记本电脑(R9-7940HX 16G 1T RTX4070 2.5K 165Hz 高色域)青,8799.0,2024-06-18,http://item.jd.com/100089737202.html
2024-09-03,9999.0,华硕天选5 Pro 锐龙版 16英寸电竞游戏本 笔记本电脑(R9-7940HX 16G 1T RTX4070 2.5K 165Hz 高色域)青,8799.0,2024-06-18,http://item.jd.com/100089737202.html
2024-09-04,9999.0,华硕天选5 Pro 锐龙版 16英寸电竞游戏本 笔记本电脑(R9-7940HX 16G 1T RTX4070 2.5K 165Hz 高色域)青,8799.0,2024-06-18,http://item.jd.com/100089737202.html
2024-09-05,9999.0,华硕天选5 Pro 锐龙版 16英寸电竞游戏本 笔记本电脑(R9-7940HX 16G 1T RTX4070 2.5K 165Hz 高色域)青,8799.0,2024-06-18,http://item.jd.com/100089737202.html
2024-09-06,9299.0,华硕天选5 Pro 锐龙版 16英寸电竞游戏本 笔记本电脑(R9-7940HX 16G 1T RTX4070 2.5K 165Hz 高色域)青,8799.0,2024-06-18,http://item.jd.com/100089737202.html
2024-09-06,9299.0,华硕天选5 Pro 锐龙版 16英寸电竞游戏本 笔记本电脑(R9-7940HX 16G 1T RTX4070 2.5K 165Hz 高色域)青,8799.0,2024-06-18,http://item.jd.com/100089737202.html
2024-09-07,9299.0,华硕天选5 Pro 锐龙版 16英寸电竞游戏本 笔记本电脑(R9-7940HX 16G 1T RTX4070 2.5K 165Hz 高色域)青,8799.0,2024-06-18,http://item.jd.com/100089737202.html
2024-09-07,9299.0,华硕天选5 Pro 锐龙版 16英寸电竞游戏本 笔记本电脑(R9-7940HX 16G 1T RTX4070 2.5K 165Hz 高色域)青,8799.0,2024-06-18,http://item.jd.com/100089737202.html
2024-09-08,9299.0,华硕天选5 Pro 锐龙版 16英寸电竞游戏本 笔记本电脑(R9-7940HX 16G 1T RTX4070 2.5K 165Hz 高色域)青,8799.0,2024-06-18,http://item.jd.com/100089737202.html
2024-09-09,9299.0,华硕天选5 Pro 锐龙版 16英寸电竞游戏本 笔记本电脑(R9-7940HX 16G 1T RTX4070 2.5K 165Hz 高色域)青,8799.0,2024-06-18,http://item.jd.com/100089737202.html
2024-09-10,8999.0,华硕天选5 Pro 锐龙版 16英寸电竞游戏本 笔记本电脑(R9-7940HX 16G 1T RTX4070 2.5K 165Hz 高色域)青,8799.0,2024-06-18,http://item.jd.com/100089737202.html
2024-09-10,8999.0,华硕天选5 Pro 锐龙版 16英寸电竞游戏本 笔记本电脑(R9-7940HX 16G 1T RTX4070 2.5K 165Hz 高色域)青,8799.0,2024-06-18,http://item.jd.com/100089737202.html
2024-09-11,9999.0,华硕天选5 Pro 锐龙版 16英寸电竞游戏本 笔记本电脑(R9-7940HX 16G 1T RTX4070 2.5K 165Hz 高色域)青,8799.0,2024-06-18,http://item.jd.com/100089737202.html
2024-09-11,9999.0,华硕天选5 Pro 锐龙版 16英寸电竞游戏本 笔记本电脑(R9-7940HX 16G 1T RTX4070 2.5K 165Hz 高色域)青,8799.0,2024-06-18,http://item.jd.com/100089737202.html
2024-09-12,9999.0,华硕天选5 Pro 锐龙版 16英寸电竞游戏本 笔记本电脑(R9-7940HX 16G 1T RTX4070 2.5K 165Hz 高色域)青,8799.0,2024-06-18,http://item.jd.com/100089737202.html
2024-09-12,9999.0,华硕天选5 Pro 锐龙版 16英寸电竞游戏本 笔记本电脑(R9-7940HX 16G 1T RTX4070 2.5K 165Hz 高色域)青,8799.0,2024-06-18,http://item.jd.com/100089737202.html
2024-09-13,9999.0,华硕天选5 Pro 锐龙版 16英寸电竞游戏本 笔记本电脑(R9-7940HX 16G 1T RTX4070 2.5K 165Hz 高色域)青,8799.0,2024-06-18,http://item.jd.com/100089737202.html
2024-09-13,9999.0,华硕天选5 Pro 锐龙版 16英寸电竞游戏本 笔记本电脑(R9-7940HX 16G 1T RTX4070 2.5K 165Hz 高色域)青,8799.0,2024-06-18,http://item.jd.com/100089737202.html
2024-09-14,9299.0,华硕天选5 Pro 锐龙版 16英寸电竞游戏本 笔记本电脑(R9-7940HX 16G 1T RTX4070 2.5K 165Hz 高色域)青,8799.0,2024-06-18,http://item.jd.com/100089737202.html
2024-09-14,9299.0,华硕天选5 Pro 锐龙版 16英寸电竞游戏本 笔记本电脑(R9-7940HX 16G 1T RTX4070 2.5K 165Hz 高色域)青,8799.0,2024-06-18,http://item.jd.com/100089737202.html
2024-09-15,9299.0,华硕天选5 Pro 锐龙版 16英寸电竞游戏本 笔记本电脑(R9-7940HX 16G 1T RTX4070 2.5K 165Hz 高色域)青,8799.0,2024-06-18,http://item.jd.com/100089737202.html
2024-09-15,9299.0,华硕天选5 Pro 锐龙版 16英寸电竞游戏本 笔记本电脑(R9-7940HX 16G 1T RTX4070 2.5K 165Hz 高色域)青,8799.0,2024-06-18,http://item.jd.com/100089737202.html
2024-09-16,9299.0,华硕天选5 Pro 锐龙版 16英寸电竞游戏本 笔记本电脑(R9-7940HX 16G 1T RTX4070 2.5K 165Hz 高色域)青,8799.0,2024-06-18,http://item.jd.com/100089737202.html
2024-09-16,9299.0,华硕天选5 Pro 锐龙版 16英寸电竞游戏本 笔记本电脑(R9-7940HX 16G 1T RTX4070 2.5K 165Hz 高色域)青,8799.0,2024-06-18,http://item.jd.com/100089737202.html
2024-09-17,9299.0,华硕天选5 Pro 锐龙版 16英寸电竞游戏本 笔记本电脑(R9-7940HX 16G 1T RTX4070 2.5K 165Hz 高色域)青,8799.0,2024-06-18,http://item.jd.com/100089737202.html
2024-09-17,9299.0,华硕天选5 Pro 锐龙版 16英寸电竞游戏本 笔记本电脑(R9-7940HX 16G 1T RTX4070 2.5K 165Hz 高色域)青,8799.0,2024-06-18,http://item.jd.com/100089737202.html
2024-09-18,9299.0,华硕天选5 Pro 锐龙版 16英寸电竞游戏本 笔记本电脑(R9-7940HX 16G 1T RTX4070 2.5K 165Hz 高色域)青,8799.0,2024-06-18,http://item.jd.com/100089737202.html
2024-09-19,9299.0,华硕天选5 Pro 锐龙版 16英寸电竞游戏本 笔记本电脑(R9-7940HX 16G 1T RTX4070 2.5K 165Hz 高色域)青,8799.0,2024-06-18,http://item.jd.com/100089737202.html
2024-09-20,9299.0,华硕天选5 Pro 锐龙版 16英寸电竞游戏本 笔记本电脑(R9-7940HX 16G 1T RTX4070 2.5K 165Hz 高色域)青,8799.0,2024-06-18,http://item.jd.com/100089737202.html
2024-09-20,9299.0,华硕天选5 Pro 锐龙版 16英寸电竞游戏本 笔记本电脑(R9-7940HX 16G 1T RTX4070 2.5K 165Hz 高色域)青,8799.0,2024-06-18,http://item.jd.com/100089737202.html
2024-09-21,9299.0,华硕天选5 Pro 锐龙版 16英寸电竞游戏本 笔记本电脑(R9-7940HX 16G 1T RTX4070 2.5K 165Hz 高色域)青,8799.0,2024-06-18,http://item.jd.com/100089737202.html
2024-09-21,9299.0,华硕天选5 Pro 锐龙版 16英寸电竞游戏本 笔记本电脑(R9-7940HX 16G 1T RTX4070 2.5K 165Hz 高色域)青,8799.0,2024-06-18,http://item.jd.com/100089737202.html
2024-09-22,9299.0,华硕天选5 Pro 锐龙版 16英寸电竞游戏本 笔记本电脑(R9-7940HX 16G 1T RTX4070 2.5K 165Hz 高色域)青,8799.0,2024-06-18,http://item.jd.com/100089737202.html
2024-09-22,9299.0,华硕天选5 Pro 锐龙版 16英寸电竞游戏本 笔记本电脑(R9-7940HX 16G 1T RTX4070 2.5K 165Hz 高色域)青,8799.0,2024-06-18,http://item.jd.com/100089737202.html
2024-09-23,9299.0,华硕天选5 Pro 锐龙版 16英寸电竞游戏本 笔记本电脑(R9-7940HX 16G 1T RTX4070 2.5K 165Hz 高色域)青,8799.0,2024-06-18,http://item.jd.com/100089737202.html
2024-09-23,9299.0,华硕天选5 Pro 锐龙版 16英寸电竞游戏本 笔记本电脑(R9-7940HX 16G 1T RTX4070 2.5K 165Hz 高色域)青,8799.0,2024-06-18,http://item.jd.com/100089737202.html
2024-09-24,9299.0,华硕天选5 Pro 锐龙版 16英寸电竞游戏本 笔记本电脑(R9-7940HX 16G 1T RTX4070 2.5K 165Hz 高色域)青,8799.0,2024-06-18,http://item.jd.com/100089737202.html
2024-09-24,9299.0,华硕天选5 Pro 锐龙版 16英寸电竞游戏本 笔记本电脑(R9-7940HX 16G 1T RTX4070 2.5K 165Hz 高色域)青,8799.0,2024-06-18,http://item.jd.com/100089737202.html
2024-09-25,9299.0,华硕天选5 Pro 锐龙版 16英寸电竞游戏本 笔记本电脑(R9-7940HX 16G 1T RTX4070 2.5K 165Hz 高色域)青,8799.0,2024-06-18,http://item.jd.com/100089737202.html
2024-09-25,9299.0,华硕天选5 Pro 锐龙版 16英寸电竞游戏本 笔记本电脑(R9-7940HX 16G 1T RTX4070 2.5K 165Hz 高色域)青,8799.0,2024-06-18,http://item.jd.com/100089737202.html
2024-09-26,9299.0,华硕天选5 Pro 锐龙版 16英寸电竞游戏本 笔记本电脑(R9-7940HX 16G 1T RTX4070 2.5K 165Hz 高色域)青,8799.0,2024-06-18,http://item.jd.com/100089737202.html
2024-09-26,9299.0,华硕天选5 Pro 锐龙版 16英寸电竞游戏本 笔记本电脑(R9-7940HX 16G 1T RTX4070 2.5K 165Hz 高色域)青,8799.0,2024-06-18,http://item.jd.com/100089737202.html
2024-09-27,9299.0,华硕天选5 Pro 锐龙版 16英寸电竞游戏本 笔记本电脑(R9-7940HX 16G 1T RTX4070 2.5K 165Hz 高色域)青,8799.0,2024-06-18,http://item.jd.com/100089737202.html
2024-09-27,9299.0,华硕天选5 Pro 锐龙版 16英寸电竞游戏本 笔记本电脑(R9-7940HX 16G 1T RTX4070 2.5K 165Hz 高色域)青,8799.0,2024-06-18,http://item.jd.com/100089737202.html
2024-09-28,9299.0,华硕天选5 Pro 锐龙版 16英寸电竞游戏本 笔记本电脑(R9-7940HX 16G 1T RTX4070 2.5K 165Hz 高色域)青,8799.0,2024-06-18,http://item.jd.com/100089737202.html
2024-09-28,9299.0,华硕天选5 Pro 锐龙版 16英寸电竞游戏本 笔记本电脑(R9-7940HX 16G 1T RTX4070 2.5K 165Hz 高色域)青,8799.0,2024-06-18,http://item.jd.com/100089737202.html
2024-09-29,9299.0,华硕天选5 Pro 锐龙版 16英寸电竞游戏本 笔记本电脑(R9-7940HX 16G 1T RTX4070 2.5K 165Hz 高色域)青,8799.0,2024-06-18,http://item.jd.com/100089737202.html
2024-09-29,9299.0,华硕天选5 Pro 锐龙版 16英寸电竞游戏本 笔记本电脑(R9-7940HX 16G 1T RTX4070 2.5K 165Hz 高色域)青,8799.0,2024-06-18,http://item.jd.com/100089737202.html
2024-09-30,9299.0,华硕天选5 Pro 锐龙版 16英寸电竞游戏本 笔记本电脑(R9-7940HX 16G 1T RTX4070 2.5K 165Hz 高色域)青,8799.0,2024-06-18,http://item.jd.com/100089737202.html
2024-09-30,9299.0,华硕天选5 Pro 锐龙版 16英寸电竞游戏本 笔记本电脑(R9-7940HX 16G 1T RTX4070 2.5K 165Hz 高色域)青,8799.0,2024-06-18,http://item.jd.com/100089737202.html
2024-10-01,9299.0,华硕天选5 Pro 锐龙版 16英寸电竞游戏本 笔记本电脑(R9-7940HX 16G 1T RTX4070 2.5K 165Hz 高色域)青,8799.0,2024-06-18,http://item.jd.com/100089737202.html
2024-10-01,9299.0,华硕天选5 Pro 锐龙版 16英寸电竞游戏本 笔记本电脑(R9-7940HX 16G 1T RTX4070 2.5K 165Hz 高色域)青,8799.0,2024-06-18,http://item.jd.com/100089737202.html
2024-10-02,9299.0,华硕天选5 Pro 锐龙版 16英寸电竞游戏本 笔记本电脑(R9-7940HX 16G 1T RTX4070 2.5K 165Hz 高色域)青,8799.0,2024-06-18,http://item.jd.com/100089737202.html
2024-10-02,9299.0,华硕天选5 Pro 锐龙版 16英寸电竞游戏本 笔记本电脑(R9-7940HX 16G 1T RTX4070 2.5K 165Hz 高色域)青,8799.0,2024-06-18,http://item.jd.com/100089737202.html
2024-10-03,9299.0,华硕天选5 Pro 锐龙版 16英寸电竞游戏本 笔记本电脑(R9-7940HX 16G 1T RTX4070 2.5K 165Hz 高色域)青,8799.0,2024-06-18,http://item.jd.com/100089737202.html
2024-10-03,9299.0,华硕天选5 Pro 锐龙版 16英寸电竞游戏本 笔记本电脑(R9-7940HX 16G 1T RTX4070 2.5K 165Hz 高色域)青,8799.0,2024-06-18,http://item.jd.com/100089737202.html
2024-10-04,9299.0,华硕天选5 Pro 锐龙版 16英寸电竞游戏本 笔记本电脑(R9-7940HX 16G 1T RTX4070 2.5K 165Hz 高色域)青,8799.0,2024-06-18,http://item.jd.com/100089737202.html
2024-10-04,9299.0,华硕天选5 Pro 锐龙版 16英寸电竞游戏本 笔记本电脑(R9-7940HX 16G 1T RTX4070 2.5K 165Hz 高色域)青,8799.0,2024-06-18,http://item.jd.com/100089737202.html
2024-10-05,9299.0,华硕天选5 Pro 锐龙版 16英寸电竞游戏本 笔记本电脑(R9-7940HX 16G 1T RTX4070 2.5K 165Hz 高色域)青,8799.0,2024-06-18,http://item.jd.com/100089737202.html
2024-10-05,9299.0,华硕天选5 Pro 锐龙版 16英寸电竞游戏本 笔记本电脑(R9-7940HX 16G 1T RTX4070 2.5K 165Hz 高色域)青,8799.0,2024-06-18,http://item.jd.com/100089737202.html
2024-10-06,9299.0,华硕天选5 Pro 锐龙版 16英寸电竞游戏本 笔记本电脑(R9-7940HX 16G 1T RTX4070 2.5K 165Hz 高色域)青,8799.0,2024-06-18,http://item.jd.com/100089737202.html
2024-10-06,9299.0,华硕天选5 Pro 锐龙版 16英寸电竞游戏本 笔记本电脑(R9-7940HX 16G 1T RTX4070 2.5K 165Hz 高色域)青,8799.0,2024-06-18,http://item.jd.com/100089737202.html
2024-10-07,9299.0,华硕天选5 Pro 锐龙版 16英寸电竞游戏本 笔记本电脑(R9-7940HX 16G 1T RTX4070 2.5K 165Hz 高色域)青,8799.0,2024-06-18,http://item.jd.com/100089737202.html
2024-10-07,9299.0,华硕天选5 Pro 锐龙版 16英寸电竞游戏本 笔记本电脑(R9-7940HX 16G 1T RTX4070 2.5K 165Hz 高色域)青,8799.0,2024-06-18,http://item.jd.com/100089737202.html
2024-10-08,9299.0,华硕天选5 Pro 锐龙版 16英寸电竞游戏本 笔记本电脑(R9-7940HX 16G 1T RTX4070 2.5K 165Hz 高色域)青,8799.0,2024-06-18,http://item.jd.com/100089737202.html
2024-10-08,9299.0,华硕天选5 Pro 锐龙版 16英寸电竞游戏本 笔记本电脑(R9-7940HX 16G 1T RTX4070 2.5K 165Hz 高色域)青,8799.0,2024-06-18,http://item.jd.com/100089737202.html
2024-10-09,9299.0,华硕天选5 Pro 锐龙版 16英寸电竞游戏本 笔记本电脑(R9-7940HX 16G 1T RTX4070 2.5K 165Hz 高色域)青,8799.0,2024-06-18,http://item.jd.com/100089737202.html
2024-10-09,9299.0,华硕天选5 Pro 锐龙版 16英寸电竞游戏本 笔记本电脑(R9-7940HX 16G 1T RTX4070 2.5K 165Hz 高色域)青,8799.0,2024-06-18,http://item.jd.com/100089737202.html
2024-10-10,9299.0,华硕天选5 Pro 锐龙版 16英寸电竞游戏本 笔记本电脑(R9-7940HX 16G 1T RTX4070 2.5K 165Hz 高色域)青,8799.0,2024-06-18,http://item.jd.com/100089737202.html
2024-10-10,9299.0,华硕天选5 Pro 锐龙版 16英寸电竞游戏本 笔记本电脑(R9-7940HX 16G 1T RTX4070 2.5K 165Hz 高色域)青,8799.0,2024-06-18,http://item.jd.com/100089737202.html
2024-10-11,9299.0,华硕天选5 Pro 锐龙版 16英寸电竞游戏本 笔记本电脑(R9-7940HX 16G 1T RTX4070 2.5K 165Hz 高色域)青,8799.0,2024-06-18,http://item.jd.com/100089737202.html
2024-10-11,9299.0,华硕天选5 Pro 锐龙版 16英寸电竞游戏本 笔记本电脑(R9-7940HX 16G 1T RTX4070 2.5K 165Hz 高色域)青,8799.0,2024-06-18,http://item.jd.com/100089737202.html
2024-10-12,9299.0,华硕天选5 Pro 锐龙版 16英寸电竞游戏本 笔记本电脑(R9-7940HX 16G 1T RTX4070 2.5K 165Hz 高色域)青,8799.0,2024-06-18,http://item.jd.com/100089737202.html
2024-10-12,9299.0,华硕天选5 Pro 锐龙版 16英寸电竞游戏本 笔记本电脑(R9-7940HX 16G 1T RTX4070 2.5K 165Hz 高色域)青,8799.0,2024-06-18,http://item.jd.com/100089737202.html
2024-10-13,9299.0,华硕天选5 Pro 锐龙版 16英寸电竞游戏本 笔记本电脑(R9-7940HX 16G 1T RTX4070 2.5K 165Hz 高色域)青,8799.0,2024-06-18,http://item.jd.com/100089737202.html
2024-10-13,9299.0,华硕天选5 Pro 锐龙版 16英寸电竞游戏本 笔记本电脑(R9-7940HX 16G 1T RTX4070 2.5K 165Hz 高色域)青,8799.0,2024-06-18,http://item.jd.com/100089737202.html
2024-10-14,9299.0,华硕天选5 Pro 锐龙版 16英寸电竞游戏本 笔记本电脑(R9-7940HX 16G 1T RTX4070 2.5K 165Hz 高色域)青,8799.0,2024-06-18,http://item.jd.com/100089737202.html
2024-10-14,9299.0,华硕天选5 Pro 锐龙版 16英寸电竞游戏本 笔记本电脑(R9-7940HX 16G 1T RTX4070 2.5K 165Hz 高色域)青,8799.0,2024-06-18,http://item.jd.com/100089737202.html
2024-10-15,9299.0,华硕天选5 Pro 锐龙版 16英寸电竞游戏本 笔记本电脑(R9-7940HX 16G 1T RTX4070 2.5K 165Hz 高色域)青,8799.0,2024-06-18,http://item.jd.com/100089737202.html
2024-10-15,9299.0,华硕天选5 Pro 锐龙版 16英寸电竞游戏本 笔记本电脑(R9-7940HX 16G 1T RTX4070 2.5K 165Hz 高色域)青,8799.0,2024-06-18,http://item.jd.com/100089737202.html
2024-10-16,9299.0,华硕天选5 Pro 锐龙版 16英寸电竞游戏本 笔记本电脑(R9-7940HX 16G 1T RTX4070 2.5K 165Hz 高色域)青,8799.0,2024-06-18,http://item.jd.com/100089737202.html
2024-10-16,9299.0,华硕天选5 Pro 锐龙版 16英寸电竞游戏本 笔记本电脑(R9-7940HX 16G 1T RTX4070 2.5K 165Hz 高色域)青,8799.0,2024-06-18,http://item.jd.com/100089737202.html
2024-10-17,9299.0,华硕天选5 Pro 锐龙版 16英寸电竞游戏本 笔记本电脑(R9-7940HX 16G 1T RTX4070 2.5K 165Hz 高色域)青,8799.0,2024-06-18,http://item.jd.com/100089737202.html
2024-10-17,9299.0,华硕天选5 Pro 锐龙版 16英寸电竞游戏本 笔记本电脑(R9-7940HX 16G 1T RTX4070 2.5K 165Hz 高色域)青,8799.0,2024-06-18,http://item.jd.com/100089737202.html
2024-10-18,9299.0,华硕天选5 Pro 锐龙版 16英寸电竞游戏本 笔记本电脑(R9-7940HX 16G 1T RTX4070 2.5K 165Hz 高色域)青,8799.0,2024-06-18,http://item.jd.com/100089737202.html
2024-10-17,9299.0,华硕天选5 Pro 锐龙版 16英寸电竞游戏本 笔记本电脑(R9-7940HX 16G 1T RTX4070 2.5K 165Hz 高色域)青,8799.0,2024-06-18,http://item.jd.com/100089737202.html
2024-10-18,9299.0,华硕天选5 Pro 锐龙版 16英寸电竞游戏本 笔记本电脑(R9-7940HX 16G 1T RTX4070 2.5K 165Hz 高色域)青,8799.0,2024-06-18,http://item.jd.com/100089737202.html
